Workbook

Sheet ENERO
B3: ALIMENTO | C3: 45659 | D3: 45660 | E3: 45661 | F3: SUB TOTAL | G3: MONTO | H3: 45663 | I3: 45664 | J3: 45665 | K3: 45666 | L3: 45667 | M3: 45668 | N3: SUB TOTAL | O3: MONTO | P3: 45670 | Q3: 45671 | R3: 45672 | S3: 45673 | T3: 45674 | U3: 45675 | V3: SUB TOTAL | W3: MONTO | X3: 45677 | Y3: 45678 | Z3: 45679 | AA3: 45680 | AB3: 45681 | AC3: 45682 | AD3: SUB TOTAL | AE3: MONTO | AF3: 45684 | AG3: 45685 | AH3: 45686 | AI3: 45687 | AJ3: 45688 | AK3: SUB TOTAL | AL3: MONTO | AS3: MES : ENERO
B4: ENG CARNE | C4: 20 | D4: 50 | E4: 20 | F4: =SUM(C4:E4) -> 90 | G4: =F4*60 -> 5400 | H4: 28 | I4: 22 | J4: 26 | K4: 48 | L4: 35 | M4: 41 | N4: =SUM(H4:M4) -> 200 | O4: =N4*60 -> 12000 | P4: 5 | Q4: 58 | R4: - | S4: 13 | T4: 7 | U4: 10 | V4: =SUM(P4:U4) -> 93 | W4: =V4*60 -> 5580 | X4: 20 | Y4: 91 | Z4: 16 | AA4: 46 | AB4: 43 | AC4: - | AD4: =SUM(X4:AC4) -> 216 | AE4: =AD4*60 -> 12960 | AF4: 54 | AG4: 115 | AH4: 57 | AI4: 20 | AJ4: 20 | AK4: =SUM(AF4:AJ4) -> 266 | AL4: =AK4*60 -> 15960 | AS4: ALIMENTOS | AT4: =AO19 -> 5992
B5: CTO CARNE | C5: 10 | D5: 67 | E5: 5 | F5: =SUM(C5:E5) -> 82 | G5: =F5*60 -> 4920 | H5: 5 | I5: 17 | J5: 19 | K5: 31 | L5: 43 | M5: 54 | N5: =SUM(H5:M5) -> 169 | O5: =N5*60 -> 10140 | P5: 13 | Q5: 44 | R5: 10 | S5: 38 | T5: 7 | U5: 10 | V5: =SUM(P5:U5) -> 122 | W5: =V5*60 -> 7320 | X5: 10 | Y5: 69 | Z5: 15 | AA5: 45 | AB5: 17 | AC5: - | AD5: =SUM(X5:AC5) -> 156 | AE5: =AD5*60 -> 9360 | AF5: 34 | AG5: 52 | AH5: 52 | AI5: 25 | AJ5: 10 | AK5: =SUM(AF5:AJ5) -> 173 | AL5: =AK5*60 -> 10380 | AS5: VALOR M. | AT5: =AO20 -> 439146
B6: INICIO CARNE | C6: - | D6: 17 | E6: 5 | F6: =SUM(C6:E6) -> 22 | G6: =F6*61 -> 1342 | H6: 6 | I6: 28 | J6: 2 | K6: 18 | L6: 7 | M6: 8 | N6: =SUM(H6:M6) -> 69 | O6: =N6*61 -> 4209 | P6: 11 | Q6: 6 | S6: - | T6: - | U6: 40 | V6: =SUM(P6:U6) -> 57 | W6: =V6*61 -> 3477 | X6: 16 | Y6: 27 | Z6: 10 | AA6: 1 | AB6: 22 | AC6: 10 | AD6: =SUM(X6:AC6) -> 86 | AE6: =AD6*61 -> 5246 | AF6: 11 | AG6: 12 | AH6: 10 | AI6: 13 | AJ6: 10 | AK6: =SUM(AF6:AJ6) -> 56 | AL6: =AK6*61 -> 3416 | AS6: VITAOVO | AT6: =AO48 -> 793
B7: CONEJO | C7: - | D7: 17 | E7: 41 | F7: =SUM(C7:E7) -> 58 | G7: =F7*60 -> 3480 | H7: 5 | I7: 10 | J7: - | K7: 41 | L7: 10 | M7: 12 | N7: =SUM(H7:M7) -> 78 | O7: =N7*60 -> 4680 | P7: 10 | Q7: 11 | S7: - | T7: 1 | U7: - | V7: =SUM(P7:U7) -> 22 | W7: =V7*60 -> 1320 | X7: 5 | Y7: 31 | Z7: 6 | AA7: 30 | AB7: 28 | AC7: 15 | AD7: =SUM(X7:AC7) -> 115 | AE7: =AD7*60 -> 6900 | AF7: 7 | AG7: - | AH7: 17 | AI7: 10 | AJ7: 34 | AK7: =SUM(AF7:AJ7) -> 68 | AL7: =AK7*60 -> 4080 | AS7: VALOR M. | AT7: =AO49 -> 82697
B8: CUY | C8: - | D8: 20 | E8: 5 | F8: =SUM(C8:E8) -> 25 | G8: =F8*60 -> 1500 | H8: - | I8: 23 | J8: - | K8: 26 | L8: 34 | M8: 28 | N8: =SUM(H8:M8) -> 111 | O8: =N8*60 -> 6660 | P8: 1 | Q8: 15 | S8: 6 | T8: 1 | U8: - | V8: =SUM(P8:U8) -> 23 | W8: =V8*60 -> 1380 | X8: - | Y8: 35 | Z8: 6 | AA8: 20 | AB8: 16 | AC8: 10 | AD8: =SUM(X8:AC8) -> 87 | AE8: =AD8*60 -> 5220 | AF8: 8 | AG8: - | AH8: 12 | AI8: 15 | AJ8: 35 | AK8: =SUM(AF8:AJ8) -> 70 | AL8: =AK8*60 -> 4200 | AS8: AFRECHO | AT8: =AO51 -> 606
B9: CON POLLO | C9: - | D9: 23 | E9: 8 | F9: =SUM(C9:E9) -> 31 | G9: =F9*60 -> 1860 | H9: 18 | I9: 7 | J9: 3 | K9: 7 | L9: 15 | M9: 10 | N9: =SUM(H9:M9) -> 60 | O9: =N9*60 -> 3600 | P9: 1 | Q9: 2 | S9: 2 | T9: 2 | U9: - | V9: =SUM(P9:U9) -> 7 | W9: =V9*60 -> 420 | X9: 21 | Y9: 4 | Z9: 7 | AA9: - | AB9: 13 | AC9: - | AD9: =SUM(X9:AC9) -> 45 | AE9: =AD9*60 -> 2700 | AF9: 12 | AG9: 7 | AH9: 35 | AI9: 10 | AJ9: 20 | AK9: =SUM(AF9:AJ9) -> 84 | AL9: =AK9*60 -> 5040 | AS9: VALOR M. | AT9: =AO52 -> 35148
B10: CON CUY | C10: 6 | D10: 5 | E10: 15 | F10: =SUM(C10:E10) -> 26 | G10: =F10*60 -> 1560 | H10: 1 | I10: 15 | J10: - | K10: 21 | L10: 14 | M10: - | N10: =SUM(H10:M10) -> 51 | O10: =N10*60 -> 3060 | P10: - | Q10: - | S10: - | T10: 11 | U10: 9 | V10: =SUM(P10:U10) -> 20 | W10: =V10*60 -> 1200 | X10: 11 | Y10: 22 | Z10: 15 | AA10: - | AB10: 11 | AC10: - | AD10: =SUM(X10:AC10) -> 59 | AE10: =AD10*60 -> 3540 | AF10: 3 | AG10: 2 | AH10: 11 | AI10: - | AJ10: 36 | AK10: =SUM(AF10:AJ10) -> 52 | AL10: =AK10*60 -> 3120 | AS10: MAIZ | AT10: =AO58 -> 10227
B11: VERDE | C11: - | D11: 3 | E11: - | F11: =SUM(C11:E11) -> 3 | G11: =F11*65 -> 195 | H11: - | I11: 30 | J11: 1 | K11: 4 | L11: 2 | M11: 3 | N11: =SUM(H11:M11) -> 40 | O11: =N11*65 -> 2600 | P11: - | Q11: - | R11: 1 | S11: 3 | T11: 2 | U11: - | V11: =SUM(P11:U11) -> 6 | W11: =V11*65 -> 390 | X11: 10 | Y11: - | Z11: - | AA11: - | AB11: - | AC11: - | AD11: =SUM(X11:AC11) -> 10 | AE11: =AD11*65 -> 650 | AF11: - | AG11: 10 | AH11: 5 | AI11: - | AJ11: - | AK11: =SUM(AF11:AJ11) -> 15 | AL11: =AK11*65 -> 975 | AS11: VALOR M. | AT11: =AO59 -> 1067675
B12: ROJO | C12: - | D12: 3 | E12: - | F12: =SUM(C12:E12) -> 3 | G12: =F12*65 -> 195 | H12: - | I12: 1 | J12: 1 | K12: - | L12: 3 | M12: 3 | N12: =SUM(H12:M12) -> 8 | O12: =N12*65 -> 520 | P12: 1 | Q12: - | R12: 1 | S12: 2 | T12: - | U12: 1 | V12: =SUM(P12:U12) -> 5 | W12: =V12*65 -> 325 | X12: 6 | Y12: - | Z12: - | AA12: - | AB12: 2 | AC12: - | AD12: =SUM(X12:AC12) -> 8 | AE12: =AD12*65 -> 520 | AF12: - | AG12: - | AH12: 5 | AI12: - | AJ12: - | AK12: =SUM(AF12:AJ12) -> 5 | AL12: =AK12*65 -> 325 | AS12: TRIGO | AT12: =AO61 -> 1216
B13: POLLON | C13: - | D13: 13 | E13: 57 | F13: =SUM(C13:E13) -> 70 | G13: =F13*95 -> 6650 | H13: 5 | I13: 12 | J13: - | K13: 2 | L13: 24 | M13: 9 | N13: =SUM(H13:M13) -> 52 | O13: =N13*95 -> 4940 | P13: 76 | Q13: 78 | R13: 30 | S13: 10 | T13: 1 | U13: 10 | V13: =SUM(P13:U13) -> 205 | W13: =V13*95 -> 19475 | X13: 75 | Y13: 34 | Z13: 32 | AA13: - | AB13: 31 | AC13: 15 | AD13: =SUM(X13:AC13) -> 187 | AE13: =AD13*95 -> 17765 | AF13: 65 | AG13: 40 | AH13: 38 | AI13: 30 | AJ13: 31 | AK13: =SUM(AF13:AJ13) -> 204 | AL13: =AK13*95 -> 19380 | AS13: VALOR M. | AT13: =AO62 -> 121600
B14: CTO POLLON | C14: 20 | D14: 16 | E14: 46 | F14: =SUM(C14:E14) -> 82 | G14: =F14*105 -> 8610 | H14: 7 | I14: 15 | J14: - | K14: 16 | L14: 38 | M14: 16 | N14: =SUM(H14:M14) -> 92 | O14: =N14*105 -> 9660 | P14: 4 | Q14: 20 | R14: 20 | S14: 8 | T14: 7 | U14: 10 | V14: =SUM(P14:U14) -> 69 | W14: =V14*105 -> 7245 | X14: 50 | Y14: 3 | Z14: 2 | AA14: - | AB14: 25 | AC14: 15 | AD14: =SUM(X14:AC14) -> 95 | AE14: =AD14*105 -> 9975 | AF14: 42 | AG14: 30 | AH14: 52 | AI14: 31 | AJ14: 24 | AK14: =SUM(AF14:AJ14) -> 179 | AL14: =AK14*105 -> 18795
B15: INICIO POLLON | C15: 5 | D15: 4 | E15: 10 | F15: =SUM(C15:E15) -> 19 | G15: =F15*110 -> 2090 | H15: 2 | I15: 10 | J15: - | K15: 3 | L15: 10 | M15: 5 | N15: =SUM(H15:M15) -> 30 | O15: =N15*110 -> 3300 | P15: 4 | Q15: - | S15: - | T15: - | U15: - | V15: =SUM(P15:U15) -> 4 | W15: =V15*110 -> 440 | X15: 20 | Y15: 6 | Z15: 2 | AA15: - | AB15: - | AC15: 5 | AD15: =SUM(X15:AC15) -> 33 | AE15: =AD15*110 -> 3630 | AF15: 11 | AG15: - | AH15: 20 | AI15: - | AJ15: 5 | AK15: =SUM(AF15:AJ15) -> 36 | AL15: =AK15*110 -> 3960 | AS15: MAIZ B12 | AT15: 493380
B16: DORIMICYN | C16: - | D16: 1 | E16: 6 | F16: =SUM(C16:E16) -> 7 | G16: =F16*70 -> 490 | H16: - | I16: 2 | J16: - | K16: 15 | L16: 23 | M16: - | N16: =SUM(H16:M16) -> 40 | O16: =N16*70 -> 2800 | P16: 7 | Q16: - | R16: 6 | S16: 2 | T16: - | U16: - | V16: =SUM(P16:U16) -> 15 | W16: =V16*70 -> 1050 | X16: - | Y16: - | Z16: - | AA16: - | AB16: - | AD16: =SUM(X16:AC16) -> 0 | AE16: =AD16*70 -> 0 | AF16: 1 | AG16: 20 | AH16: 2 | AI16: 15 | AJ16: - | AK16: =SUM(AF16:AJ16) -> 38 | AL16: =AK16*70 -> 2660
B17: CTO SIMPLE | C17: - | D17: - | E17: - | F17: =SUM(C17:E17) -> 0 | G17: =F17*0 -> 0 | H17: - | J17: - | L17: - | M17: - | N17: =SUM(H17:M17) -> 0 | O17: =N17*0 -> 0 | Q17: - | T17: - | U17: - | V17: =SUM(P17:U17) -> 0 | W17: =V17*0 -> 0 | Y17: - | AA17: - | AB17: - | AD17: =SUM(X17:AC17) -> 0 | AE17: =AD17*0 -> 0 | AF17: - | AK17: =SUM(AF17:AJ17) -> 0 | AL17: =AK17*0 -> 0
B18: CTO ANA | C18: - | D18: - | E18: - | F18: =SUM(C18:E18) -> 0 | G18: =F18*0 -> 0 | H18: - | J18: - | L18: - | M18: - | N18: =SUM(H18:M18) -> 0 | O18: =N18*0 -> 0 | Q18: - | T18: - | U18: - | V18: =SUM(P18:U18) -> 0 | W18: =V18*0 -> 0 | Y18: - | AA18: - | AB18: - | AD18: =SUM(X18:AC18) -> 0 | AE18: =AD18*0 -> 0 | AF18: - | AK18: =SUM(AF18:AJ18) -> 0 | AL18: =AK18*0 -> 0
F19: =SUM(F4:F16) -> 518 | G19: =SUM(G4:G16) -> 38292 | N19: =SUM(N4:N16) -> 1000 | O19: =SUM(O4:O16) -> 68169 | V19: =SUM(V4:V16) -> 648 | W19: =SUM(W4:W16) -> 49622 | AD19: =SUM(AD4:AD16) -> 1097 | AE19: =SUM(AE4:AE16) -> 78466 | AK19: =SUM(AK4:AK16) -> 1246 | AL19: =SUM(AL4:AL16) -> 92291 | AN19: ALIMENTOS | AO19: =F50+N50+V50+AD50+AK50 -> 5992 | AP19: =AO20/AO19 -> 73.288718
B20: CTO BLANCO | D20: 2 | E20: - | F20: =SUM(C20:E20) -> 2 | G20: =F20*85 -> 170 | I20: 10 | K20: 20 | L20: 37 | M20: 16 | N20: =SUM(H20:M20) -> 83 | O20: =N20*85 -> 7055 | P20: 1 | Q20: 10 | R20: 5 | S20: 2 | T20: - | U20: - | V20: =SUM(P20:U20) -> 18 | W20: =V20*85 -> 1530 | AA20: 20 | AD20: =SUM(X20:AC20) -> 20 | AE20: =AD20*85 -> 1700 | AI20: 20 | AJ20: 15 | AK20: =SUM(AF20:AJ20) -> 35 | AL20: =AK20*85 -> 2975 | AN20: VALOR M. | AO20: =G50+O50+W50+AE50+AL50 -> 439146
B21: ENG BLANCO | D21: 5 | E21: 10 | F21: =SUM(C21:E21) -> 15 | G21: =F21*84 -> 1260 | H21: - | K21: 20 | L21: 24 | M21: 6 | N21: =SUM(H21:M21) -> 50 | O21: =N21*84 -> 4200 | P21: 1 | Q21: - | R21: 5 | S21: 2 | U21: 10 | V21: =SUM(P21:U21) -> 18 | W21: =V21*84 -> 1512 | AA21: 30 | AD21: =SUM(X21:AC21) -> 30 | AE21: =AD21*84 -> 2520 | AF21: 2 | AI21: 55 | AJ21: 20 | AK21: =SUM(AF21:AJ21) -> 77 | AL21: =AK21*84 -> 6468
B22: INICIO BLANCO | E22: - | F22: =SUM(C22:E22) -> 0 | G22: =F22*85 -> 0 | H22: - | I22: 1 | J22: 2 | K22: 15 | L22: 7 | M22: 12 | N22: =SUM(H22:M22) -> 37 | O22: =N22*85 -> 3145 | Q22: - | R22: 80 | S22: - | U22: 10 | V22: =SUM(P22:U22) -> 90 | W22: =V22*85 -> 7650 | AA22: - | AD22: =SUM(X22:AC22) -> 0 | AE22: =AD22*85 -> 0 | AF22: 1 | AI22: 13 | AK22: =SUM(AF22:AJ22) -> 14 | AL22: =AK22*85 -> 1190
B23: PRE BLANCO | E23: - | F23: =SUM(C23:E23) -> 0 | G23: =F23*85 -> 0 | H23: - | K23: - | L23: 21 | M23: 5 | N23: =SUM(H23:M23) -> 26 | O23: =N23*85 -> 2210 | P23: 1 | Q23: 5 | R23: 5 | S23: 4 | V23: =SUM(P23:U23) -> 15 | W23: =V23*85 -> 1275 | AA23: - | AC23: 5 | AD23: =SUM(X23:AC23) -> 5 | AE23: =AD23*85 -> 425 | AF23: 1 | AI23: - | AK23: =SUM(AF23:AJ23) -> 1 | AL23: =AK23*85 -> 85
B24: CTO AMARILLO | E24: - | F24: =SUM(C24:E24) -> 0 | G24: =F24*85 -> 0 | H24: - | K24: - | L24: - | N24: =SUM(H24:M24) -> 0 | O24: =N24*85 -> 0 | Q24: - | R24: 70 | V24: =SUM(P24:U24) -> 70 | W24: =V24*85 -> 5950 | AA24: - | AD24: =SUM(X24:AC24) -> 0 | AE24: =AD24*85 -> 0 | AG24: 25 | AI24: - | AK24: =SUM(AF24:AJ24) -> 25 | AL24: =AK24*85 -> 2125 | AN24: LINEA GALLO
B25: ENG AMARILLO | E25: - | F25: =SUM(C25:E25) -> 0 | G25: =F25*84 -> 0 | H25: 25 | L25: - | N25: =SUM(H25:M25) -> 25 | O25: =N25*84 -> 2100 | Q25: - | R25: 120 | V25: =SUM(P25:U25) -> 120 | W25: =V25*84 -> 10080 | AA25: - | AD25: =SUM(X25:AC25) -> 0 | AE25: =AD25*84 -> 0 | AG25: 40 | AI25: - | AK25: =SUM(AF25:AJ25) -> 40 | AL25: =AK25*84 -> 3360 | AN25: POLLON | AO25: =F13+N13+V13+AD13+AK13 -> 718
B26: INICIO AMARILLO | E26: - | F26: =SUM(C26:E26) -> 0 | G26: =F26*85 -> 0 | L26: - | N26: =SUM(H26:M26) -> 0 | O26: =N26*85 -> 0 | P26: 1 | Q26: - | R26: 28 | V26: =SUM(P26:U26) -> 29 | W26: =V26*85 -> 2465 | AA26: - | AD26: =SUM(X26:AC26) -> 0 | AE26: =AD26*85 -> 0 | AG26: 20 | AI26: - | AK26: =SUM(AF26:AJ26) -> 20 | AL26: =AK26*85 -> 1700 | AN26: POLLON CTO | AO26: =F14+N14+V14+AD14+AK14 -> 517
B27: PRE AMARILLO | E27: - | F27: =SUM(C27:E27) -> 0 | G27: =F27*85 -> 0 | L27: - | N27: =SUM(H27:M27) -> 0 | O27: =N27*85 -> 0 | Q27: - | V27: =SUM(P27:U27) -> 0 | W27: =V27*85 -> 0 | AA27: - | AD27: =SUM(X27:AC27) -> 0 | AE27: =AD27*85 -> 0 | AI27: - | AK27: =SUM(AF27:AJ27) -> 0 | AL27: =AK27*85 -> 0 | AN27: POLLON INICIO | AO27: =F15+N15+V15+AD15+AK15 -> 122
B28: CUY VITA | D28: 2 | E28: - | F28: =SUM(C28:E28) -> 2 | G28: =F28*75 -> 150 | L28: 10 | M28: 5 | N28: =SUM(H28:M28) -> 15 | O28: =N28*75 -> 1125 | Q28: - | U28: 15 | V28: =SUM(P28:U28) -> 15 | W28: =V28*75 -> 1125 | AA28: - | AD28: =SUM(X28:AC28) -> 0 | AE28: =AD28*75 -> 0 | AI28: - | AK28: =SUM(AF28:AJ28) -> 0 | AL28: =AK28*75 -> 0 | AO28: =SUM(AO25:AO27) -> 1357
B29: CONEJO VITA | D29: 2 | E29: - | F29: =SUM(C29:E29) -> 2 | G29: =F29*75 -> 150 | K29: 10 | L29: - | N29: =SUM(H29:M29) -> 10 | O29: =N29*75 -> 750 | P29: 1 | Q29: - | V29: =SUM(P29:U29) -> 1 | W29: =V29*75 -> 75 | AA29: - | AD29: =SUM(X29:AC29) -> 0 | AE29: =AD29*75 -> 0 | AG29: 5 | AI29: - | AK29: =SUM(AF29:AJ29) -> 5 | AL29: =AK29*75 -> 375
B30: POSTURA | D30: 4 | E30: 10 | F30: =SUM(C30:E30) -> 14 | G30: =F30*78 -> 1092 | I30: 2 | K30: 20 | L30: 3 | M30: 5 | N30: =SUM(H30:M30) -> 30 | O30: =N30*78 -> 2340 | P30: 2 | Q30: 7 | R30: 50 | S30: 8 | V30: =SUM(P30:U30) -> 67 | W30: =V30*78 -> 5226 | Z30: - | AA30: 20 | AC30: 15 | AD30: =SUM(X30:AC30) -> 35 | AE30: =AD30*78 -> 2730 | AF30: 1 | AG30: 35 | AH30: 10 | AI30: 15 | AJ30: 10 | AK30: =SUM(AF30:AJ30) -> 71 | AL30: =AK30*78 -> 5538
B31: POSTURA ECO. | E31: - | F31: =SUM(C31:E31) -> 0 | G31: =F31*70 -> 0 | L31: - | N31: =SUM(H31:M31) -> 0 | O31: =N31*70 -> 0 | V31: =SUM(P31:U31) -> 0 | W31: =V31*70 -> 0 | AD31: =SUM(X31:AC31) -> 0 | AE31: =AD31*70 -> 0 | AI31: - | AJ31: - | AK31: =SUM(AF31:AJ31) -> 0 | AL31: =AK31*70 -> 0
B32: ROJO PROVINCIA | E32: - | F32: =SUM(C32:E32) -> 0 | G32: =F32*60 -> 0 | L32: - | N32: =SUM(H32:M32) -> 0 | O32: =N32*60 -> 0 | V32: =SUM(P32:U32) -> 0 | W32: =V32*60 -> 0 | AD32: =SUM(X32:AC32) -> 0 | AE32: =AD32*60 -> 0 | AI32: - | AJ32: - | AK32: =SUM(AF32:AJ32) -> 0 | AL32: =AK32*60 -> 0
B33: VERDE PROVINCIA | E33: - | F33: =SUM(C33:E33) -> 0 | G33: =F33*60 -> 0 | L33: - | N33: =SUM(H33:M33) -> 0 | O33: =N33*60 -> 0 | V33: =SUM(P33:U33) -> 0 | W33: =V33*60 -> 0 | AD33: =SUM(X33:AC33) -> 0 | AE33: =AD33*60 -> 0 | AI33: - | AJ33: - | AK33: =SUM(AF33:AJ33) -> 0 | AL33: =AK33*60 -> 0
B34: ENG SIMPLE | E34: - | F34: =SUM(C34:E34) -> 0 | G34: =F34*40 -> 0 | L34: - | N34: =SUM(H34:M34) -> 0 | O34: =N34*40 -> 0 | V34: =SUM(P34:U34) -> 0 | W34: =V34*40 -> 0 | AD34: =SUM(X34:AC34) -> 0 | AE34: =AD34*40 -> 0 | AI34: - | AJ34: - | AK34: =SUM(AF34:AJ34) -> 0 | AL34: =AK34*40 -> 0
B35: CTO SIMPLE | D35: 8 | E35: - | F35: =SUM(C35:E35) -> 8 | G35: =F35*40 -> 320 | K35: 4 | L35: 70 | M35: 26 | N35: =SUM(H35:M35) -> 100 | O35: =N35*40 -> 4000 | P35: 25 | R35: 10 | S35: 10 | T35: 5 | V35: =SUM(P35:U35) -> 50 | W35: =V35*40 -> 2000 | X35: 5 | AA35: 10 | AB35: 10 | AD35: =SUM(X35:AC35) -> 25 | AE35: =AD35*40 -> 1000 | AF35: 1 | AG35: 40 | AH35: 20 | AI35: - | AJ35: - | AK35: =SUM(AF35:AJ35) -> 61 | AL35: =AK35*40 -> 2440
B36: GRANJA X 40 KG | E36: - | F36: =SUM(C36:E36) -> 0 | G36: =F36*76 -> 0 | L36: 47 | N36: =SUM(H36:M36) -> 47 | O36: =N36*76 -> 3572 | V36: =SUM(P36:U36) -> 0 | W36: =V36*76 -> 0 | AD36: =SUM(X36:AC36) -> 0 | AE36: =AD36*76 -> 0 | AI36: 30 | AK36: =SUM(AF36:AJ36) -> 30 | AL36: =AK36*76 -> 2280
B37: GRANJA X 50 KG | E37: - | F37: =SUM(C37:E37) -> 0 | G37: =F37*90 -> 0 | N37: =SUM(H37:M37) -> 0 | O37: =N37*90 -> 0 | V37: =SUM(P37:U37) -> 0 | W37: =V37*90 -> 0 | AD37: =SUM(X37:AC37) -> 0 | AE37: =AD37*90 -> 0 | AI37: - | AJ37: - | AK37: =SUM(AF37:AJ37) -> 0 | AL37: =AK37*90 -> 0
B38: CTO CON. POLLO | E38: - | F38: =SUM(C38:E38) -> 0 | G38: =F38*91 -> 0 | N38: =SUM(H38:M38) -> 0 | O38: =N38*91 -> 0 | V38: =SUM(P38:U38) -> 0 | W38: =V38*91 -> 0 | AD38: =SUM(X38:AC38) -> 0 | AE38: =AD38*91 -> 0 | AI38: - | AJ38: - | AK38: =SUM(AF38:AJ38) -> 0 | AL38: =AK38*91 -> 0
B39: ENG CON. POLLO | E39: - | F39: =SUM(C39:E39) -> 0 | G39: =F39*90 -> 0 | N39: =SUM(H39:M39) -> 0 | O39: =N39*90 -> 0 | V39: =SUM(P39:U39) -> 0 | W39: =V39*90 -> 0 | AD39: =SUM(X39:AC39) -> 0 | AE39: =AD39*90 -> 0 | AK39: =SUM(AF39:AJ39) -> 0 | AL39: =AK39*90 -> 0
B40: CERDO MANTTO | E40: - | F40: =SUM(C40:E40) -> 0 | G40: =F40*76 -> 0 | N40: =SUM(H40:M40) -> 0 | O40: =N40*76 -> 0 | V40: =SUM(P40:U40) -> 0 | W40: =V40*76 -> 0 | AD40: =SUM(X40:AC40) -> 0 | AE40: =AD40*76 -> 0 | AK40: =SUM(AF40:AJ40) -> 0 | AL40: =AK40*76 -> 0
B41: CTO CERDO | E41: - | F41: =SUM(C41:E41) -> 0 | G41: =F41*100 -> 0 | K41: 12 | N41: =SUM(H41:M41) -> 12 | O41: =N41*100 -> 1200 | V41: =SUM(P41:U41) -> 0 | W41: =V41*100 -> 0 | AD41: =SUM(X41:AC41) -> 0 | AE41: =AD41*100 -> 0 | AK41: =SUM(AF41:AJ41) -> 0 | AL41: =AK41*100 -> 0
B42: ENG CERDO | E42: - | F42: =SUM(C42:E42) -> 0 | G42: =F42*100 -> 0 | K42: 12 | N42: =SUM(H42:M42) -> 12 | O42: =N42*100 -> 1200 | V42: =SUM(P42:U42) -> 0 | W42: =V42*100 -> 0 | AD42: =SUM(X42:AC42) -> 0 | AE42: =AD42*100 -> 0 | AK42: =SUM(AF42:AJ42) -> 0 | AL42: =AK42*100 -> 0
B43: POSTURA POLVO | E43: - | F43: =SUM(C43:E43) -> 0 | G43: =F43*78 -> 0 | M43: 6 | N43: =SUM(H43:M43) -> 6 | O43: =N43*78 -> 468 | V43: =SUM(P43:U43) -> 0 | W43: =V43*78 -> 0 | AD43: =SUM(X43:AC43) -> 0 | AE43: =AD43*78 -> 0 | AK43: =SUM(AF43:AJ43) -> 0 | AL43: =AK43*78 -> 0
B44: VITAOVO ANA | D44: - | E44: - | F44: =SUM(C44:E44) -> 0 | G44: =F44*103 -> 0 | H44: 18 | I44: 1 | J44: 90 | N44: =SUM(H44:M44) -> 109 | O44: =N44*106 -> 11554 | V44: =SUM(P44:U44) -> 0 | W44: =V44*105 -> 0 | AB44: 50 | AD44: =SUM(X44:AC44) -> 50 | AE44: =AD44*102 -> 5100 | AJ44: 70 | AK44: =SUM(AF44:AJ44) -> 70 | AL44: =AK44*101 -> 7070
B45: VITAOVO CARNE | D45: 30 | E45: 31 | F45: =SUM(C45:E45) -> 61 | G45: =F45*105 -> 6405 | L45: 50 | N45: =SUM(H45:M45) -> 50 | O45: =N45*108 -> 5400 | T45: 85 | V45: =SUM(P45:U45) -> 85 | W45: =V45*107 -> 9095 | Y45: 73 | Z45: 20 | AB45: - | AD45: =SUM(X45:AC45) -> 93 | AE45: =AD45*104 -> 9672 | AF45: 63 | AH45: 23 | AK45: =SUM(AF45:AJ45) -> 86 | AL45: =AK45*103 -> 8858
B46: VITAOVO SIMPLE | E46: 25 | F46: =SUM(C46:E46) -> 25 | G46: =F46*103 -> 2575 | I46: 4 | J46: 20 | K46: 12 | L46: 5 | M46: 1 | N46: =SUM(H46:M46) -> 42 | O46: =N46*106 -> 4452 | P46: 23 | Q46: 3 | S46: 2 | T46: 5 | V46: =SUM(P46:U46) -> 33 | W46: =V46*105 -> 3465 | X46: 20 | Y46: 2 | Z46: 20 | AB46: 20 | AD46: =SUM(X46:AC46) -> 62 | AE46: =AD46*102 -> 6324 | AF46: 2 | AI46: 25 | AK46: =SUM(AF46:AJ46) -> 27 | AL46: =AK46*101 -> 2727
B47: AFRECHO | C47: 10 | D47: 45 | E47: 36 | F47: =SUM(C47:E47) -> 91 | G47: =F47*58 -> 5278 | H47: 11 | I47: 23 | J47: 30 | K47: 10 | L47: 60 | N47: =SUM(H47:M47) -> 134 | O47: =N47*58 -> 7772 | P47: 24 | Q47: 21 | S47: 11 | T47: 43 | U47: 70 | V47: =SUM(P47:U47) -> 169 | W47: =V47*58 -> 9802 | X47: 52 | Y47: 30 | Z47: 20 | AB47: 27 | AD47: =SUM(X47:AC47) -> 129 | AE47: =AD47*58 -> 7482 | AF47: 37 | AG47: 10 | AH47: 1 | AJ47: 35 | AK47: =SUM(AF47:AJ47) -> 83 | AL47: =AK47*58 -> 4814
F48: =SUM(F20:F43) -> 43 | G48: =SUM(G20:G43) -> 3142 | N48: =SUM(N20:N43) -> 453 | O48: =SUM(O20:O43) -> 33365 | V48: =SUM(V20:V43) -> 493 | W48: =SUM(W20:W43) -> 38888 | AD48: =SUM(AD20:AD43) -> 115 | AE48: =SUM(AE20:AE43) -> 8375 | AK48: =SUM(AK20:AK43) -> 379 | AL48: =SUM(AL20:AL43) -> 28536 | AN48: VITAOVO | AO48: =F51+N51+V51+AD51+AK51 -> 793 | AP48: =AO49/AO48 -> 104.28373
AN49: VALOR M. | AO49: =G51+O51+AE51+W51+AL51 -> 82697
B50: ALIMENTO | F50: =F48+F19 -> 561 | G50: =G48+G19 -> 41434 | M50: TOTAL | N50: =N48+N19 -> 1453 | O50: =O48+O19 -> 101534 | V50: =V48+V19 -> 1141 | W50: =W48+W19 -> 88510 | AD50: =AD48+AD19 -> 1212 | AE50: =AE48+AE19 -> 86841 | AK50: =AK48+AK19 -> 1625 | AL50: =AL48+AL19 -> 120827
B51: VITAOVO | F51: =SUM(F44:F46) -> 86 | G51: =SUM(G44:G46) -> 8980 | N51: =SUM(N44:N46) -> 201 | O51: =SUM(O44:O46) -> 21406 | V51: =SUM(V44:V46) -> 118 | W51: =SUM(W44:W46) -> 12560 | AD51: =SUM(AD44:AD46) -> 205 | AE51: =SUM(AE44:AE46) -> 21096 | AK51: =SUM(AK44:AK46) -> 183 | AL51: =SUM(AL44:AL46) -> 18655 | AN51: AFRECHO | AO51: =F52+N52+AD52+V52+AK52 -> 606 | AP51: =AO52/AO51 -> 58
B52: AFRECHO | F52: =F47 -> 91 | G52: =G47 -> 5278 | N52: =N47 -> 134 | O52: =O47 -> 7772 | V52: =V47 -> 169 | W52: =W47 -> 9802 | AD52: =AD47 -> 129 | AE52: =AE47 -> 7482 | AK52: =AK47 -> 83 | AL52: =AL47 -> 4814 | AN52: VALOR M. | AO52: =G52+AE52+W52+O52+AL52 -> 35148
B55: ALIMENTO | C55: 45659 | D55: 45660 | E55: 45661 | F55: TOTAL | G55: MONTO | H55: 45663 | I55: 45664 | J55: 45665 | K55: 45666 | L55: 45667 | M55: 45668 | N55: TOTAL | O55: MONTO | P55: 45670 | Q55: 45671 | R55: 45672 | S55: 45673 | T55: 45674 | U55: 45675 | V55: TOTAL | W55: MONTO | X55: 45677 | Y55: 45678 | Z55: 45679 | AA55: 45680 | AB55: 45681 | AC55: 45682 | AD55: TOTAL | AE55: MONTO | AF55: 45684 | AG55: 45685 | AH55: 45686 | AI55: 45687 | AJ55: 45688 | AK55: TOTAL | AL55: MONTO
B56: MAIZ PARTIDO | C56: 145 | D56: 260 | E56: 360 | F56: =SUM(C56:E56) -> 765 | G56: =F56*105 -> 80325 | H56: 288 | I56: 222 | J56: 140 | K56: 60 | L56: 348 | M56: 2 | N56: =SUM(H56:M56) -> 1060 | O56: =N56*108 -> 114480 | P56: 147 | Q56: 178 | R56: 60 | S56: 141 | T56: 785 | U56: 105 | V56: =SUM(P56:U56) -> 1416 | W56: =V56*107 -> 151512 | X56: 173 | Y56: 186 | Z56: 250 | AA56: 70 | AB56: 180 | AC56: 60 | AD56: =SUM(X56:AC56) -> 919 | AE56: =AD56*104 -> 95576 | AF56: 211 | AG56: 130 | AH56: 80 | AI56: 80 | AJ56: 195 | AK56: =SUM(AF56:AJ56) -> 696 | AL56: =AK56*103 -> 71688
B57: MAIZ ENTERO | C57: 170 | D57: 255 | E57: 305 | F57: =SUM(C57:E57) -> 730 | G57: =F57*103 -> 75190 | H57: 257 | I57: 210 | J57: 140 | K57: 60 | L57: 240 | M57: 5 | N57: =SUM(H57:M57) -> 912 | O57: =N57*106 -> 96672 | P57: 144 | Q57: 213 | R57: 60 | S57: 194 | T57: 182 | U57: 105 | V57: =SUM(P57:U57) -> 898 | W57: =V57*105 -> 94290 | X57: 155 | Y57: 203 | Z57: 290 | AA57: 65 | AB57: 170 | AC57: 50 | AD57: =SUM(X57:AC57) -> 933 | AE57: =AD57*102 -> 95166 | AF57: 205 | AG57: 90 | AH57: 95 | AI57: 110 | AJ57: 185 | AK57: =SUM(AF57:AJ57) -> 685 | AL57: =AK57*101 -> 69185
B58: MAIZ REFINADO | C58: 25 | D58: 65 | E58: 64 | F58: =SUM(C58:E58) -> 154 | G58: =F58*105 -> 16170 | H58: 46 | I58: 41 | J58: 21 | K58: 10 | L58: 56 | M58: 11 | N58: =SUM(H58:M58) -> 185 | O58: =N58*108 -> 19980 | P58: 23 | Q58: 45 | S58: 17 | T58: 33 | U58: 25 | V58: =SUM(P58:U58) -> 143 | W58: =V58*107 -> 15301 | X58: 40 | Y58: 86 | Z58: 85 | AA58: 20 | AB58: 55 | AC58: 10 | AD58: =SUM(X58:AC58) -> 296 | AE58: =AD58*104 -> 30784 | AF58: 49 | AG58: 60 | AH58: 55 | AI58: 20 | AJ58: 30 | AK58: =SUM(AF58:AJ58) -> 214 | AL58: =AK58*103 -> 22042 | AN58: MAIZ | AO58: =F64+N64+V64+AD64+AK64 -> 10227 | AP58: =AO59/AO58 -> 104.39767
B59: MAIZ INTEGRAL | C59: 50 | D59: 1 | E59: 2 | F59: =SUM(C59:E59) -> 53 | G59: =F59*88 -> 4664 | H59: - | I59: 4 | J59: 5 | L59: 5 | M59: 26 | N59: =SUM(H59:M59) -> 40 | O59: =N59*90 -> 3600 | P59: 6 | Q59: - | S59: 1 | T59: 2 | U59: 5 | V59: =SUM(P59:U59) -> 14 | W59: =V59*89 -> 1246 | X59: 25 | Y59: 68 | Z59: 6 | AA59: - | AB59: 4 | AC59: - | AD59: =SUM(X59:AC59) -> 103 | AE59: =AD59*86 -> 8858 | AF59: 1 | AG59: - | AH59: - | AI59: 5 | AJ59: 5 | AK59: =SUM(AF59:AJ59) -> 11 | AL59: =AK59*86 -> 946 | AN59: VALOR M. | AO59: =G64+O64+W64+AE64+AL64 -> 1067675
B60: TRIGO | C60: - | D60: 65 | E60: 115 | F60: =SUM(C60:E60) -> 180 | G60: =F60*100 -> 18000 | H60: 23 | I60: 75 | J60: 35 | K60: 2 | L60: 50 | M60: 6 | N60: =SUM(H60:M60) -> 191 | O60: =N60*100 -> 19100 | P60: 25 | Q60: 163 | R60: 130 | T60: 40 | U60: - | V60: =SUM(P60:U60) -> 358 | W60: =V60*100 -> 35800 | Y60: 54 | Z60: 30 | AA60: 60 | AB60: 57 | AC60: 25 | AD60: =SUM(X60:AC60) -> 226 | AE60: =AD60*100 -> 22600 | AF60: 27 | AG60: 5 | AH60: 91 | AI60: 70 | AJ60: 68 | AK60: =SUM(AF60:AJ60) -> 261 | AL60: =AK60*100 -> 26100
B61: SOYA | C61: 60 | E61: 1 | F61: =SUM(C61:E61) -> 61 | G61: =F61*110 -> 6710 | H61: 50 | K61: 2 | M61: 10 | N61: =SUM(H61:M61) -> 62 | O61: =N61*115 -> 7130 | P61: 30 | U61: - | V61: =SUM(P61:U61) -> 30 | W61: =V61*110 -> 3300 | Y61: 60 | AA61: 40 | AD61: =SUM(X61:AC61) -> 100 | AE61: =AD61*115 -> 11500 | AI61: 10 | AK61: =SUM(AF61:AJ61) -> 10 | AL61: =AK61*115 -> 1150 | AN61: TRIGO | AO61: =F60+N60+V60+AD60+AK60 -> 1216 | AP61: =AO62/AO61 -> 100
F62: =SUM(F56:F61) -> 1943 | G62: =SUM(G56:G61) -> 201059 | N62: =SUM(N56:N61) -> 2450 | O62: =SUM(O56:O61) -> 260962 | V62: =SUM(V56:V61) -> 2859 | W62: =SUM(W56:W61) -> 301449 | AD62: =SUM(AD56:AD61) -> 2577 | AE62: =SUM(AE56:AE61) -> 264484 | AK62: =SUM(AK56:AK61) -> 1877 | AL62: =SUM(AL56:AL61) -> 191111 | AN62: VALOR M. | AO62: =G60+O60+W60+AE60+AL60 -> 121600
F64: =F56+F57+F58+F59 -> 1702 | G64: =G56+G57+G58+G59 -> 176349 | M64: TOTAL MAIZ | N64: =N56+N57+N58+N59 -> 2197 | O64: =O56+O57+O58+O59 -> 234732 | V64: =V56+V57+V58+V59 -> 2471 | W64: =W56+W57+W58+W59 -> 262349 | AD64: =AD56+AD57+AD58+AD59 -> 2251 | AE64: =AE56+AE57+AE58+AE59 -> 230384 | AK64: =AK56+AK57+AK58+AK59 -> 1606 | AL64: =AL56+AL57+AL58+AL59 -> 163861
AN66: VENTA TOTAL | AO66: =AO62+AO59+AO20 -> 1628421
O1964: 30…0.

Sheet FEBRERO
B3: ALIMENTO | C3: 45689 | D3: SUB TOTAL | E3: MONTO | F3: 45691 | G3: 45692 | H3: 45693 | I3: 45694 | J3: 45695 | K3: 45696 | L3: SUB TOTAL | M3: MONTO | N3: 45698 | O3: 45699 | P3: 45700 | Q3: 45701 | R3: 45702 | S3: 45703 | T3: SUB TOTAL | U3: MONTO | V3: 45705 | W3: 45706 | X3: 45707 | Y3: 45708 | Z3: 45709 | AA3: 45710 | AB3: SUB TOTAL | AC3: MONTO | AD3: 45712 | AE3: 45713 | AF3: 45714 | AG3: 45715 | AH3: 45716 | AI3: SUB TOTAL | AJ3: MONTO | AQ3: MES : FEBRERO
B4: ENG CARNE | C4: 16 | D4: =SUM(C4:C4) -> 16 | E4: =D4*60 -> 960 | F4: 52 | G4: 36 | H4: 20 | I4: 48 | J4: - | K4: 15 | L4: =SUM(F4:K4) -> 171 | M4: =L4*60 -> 10260 | N4: 115 | O4: 8 | P4: 30 | Q4: 15 | R4: 60 | S4: 10 | T4: =SUM(N4:S4) -> 238 | U4: =T4*60 -> 14280 | V4: 34 | W4: 40 | X4: 30 | Y4: 75 | Z4: 13 | AA4: 10 | AB4: =SUM(V4:AA4) -> 202 | AC4: =AB4*60 -> 12120 | AD4: 17 | AE4: 45 | AF4: 50 | AG4: - | AH4: 22 | AI4: =SUM(AD4:AH4) -> 134 | AJ4: =AI4*60 -> 8040 | AQ4: ALIMENTOS | AR4: =AM19 -> 4882
B5: CTO CARNE | C5: 10 | D5: =SUM(C5:C5) -> 10 | E5: =D5*60 -> 600 | F5: 30 | G5: 46 | H5: 13 | I5: 20 | J5: - | L5: =SUM(F5:K5) -> 109 | M5: =L5*60 -> 6540 | N5: 64 | O5: 22 | P5: 30 | Q5: 27 | R5: 45 | S5: 5 | T5: =SUM(N5:S5) -> 193 | U5: =T5*60 -> 11580 | V5: 38 | W5: 52 | X5: 60 | Y5: 41 | Z5: - | AA5: 9 | AB5: =SUM(V5:AA5) -> 200 | AC5: =AB5*60 -> 12000 | AD5: 16 | AE5: 32 | AF5: 50 | AG5: - | AH5: 25 | AI5: =SUM(AD5:AH5) -> 123 | AJ5: =AI5*60 -> 7380 | AQ5: VALOR M. | AR5: =AM20 -> 357236
B6: INICIO CARNE | C6: 1 | D6: =SUM(C6:C6) -> 1 | E6: =D6*61 -> 61 | F6: - | G6: 1 | H6: 1 | I6: 10 | J6: 9 | K6: 2 | L6: =SUM(F6:K6) -> 23 | M6: =L6*61 -> 1403 | N6: 51 | O6: 1 | P6: 15 | Q6: 1 | R6: 25 | S6: 5 | T6: =SUM(N6:S6) -> 98 | U6: =T6*61 -> 5978 | V6: 2 | W6: 27 | X6: 10 | Y6: 25 | Z6: - | AB6: =SUM(V6:AA6) -> 64 | AC6: =AB6*61 -> 3904 | AD6: 6 | AE6: 11 | AF6: 11 | AG6: - | AH6: 5 | AI6: =SUM(AD6:AH6) -> 33 | AJ6: =AI6*61 -> 2013 | AQ6: VITAOVO | AR6: =AM48 -> 653
B7: CONEJO | C7: - | D7: =SUM(C7:C7) -> 0 | E7: =D7*60 -> 0 | F7: - | G7: 1 | H7: - | I7: 10 | J7: 12 | L7: =SUM(F7:K7) -> 23 | M7: =L7*60 -> 1380 | N7: 16 | O7: 26 | P7: 25 | Q7: 5 | R7: 20 | S7: 5 | T7: =SUM(N7:S7) -> 97 | U7: =T7*60 -> 5820 | V7: 22 | W7: 25 | X7: 15 | Y7: - | Z7: - | AB7: =SUM(V7:AA7) -> 62 | AC7: =AB7*60 -> 3720 | AD7: 18 | AE7: 1 | AF7: 15 | AG7: - | AH7: 10 | AI7: =SUM(AD7:AH7) -> 44 | AJ7: =AI7*60 -> 2640 | AQ7: VALOR M. | AR7: =AM49 -> 68144
B8: CUY | D8: =SUM(C8:C8) -> 0 | E8: =D8*60 -> 0 | F8: 15 | G8: 1 | H8: - | I8: 15 | J8: 4 | L8: =SUM(F8:K8) -> 35 | M8: =L8*60 -> 2100 | N8: 57 | O8: 19 | P8: 20 | Q8: - | R8: 20 | S8: - | T8: =SUM(N8:S8) -> 116 | U8: =T8*60 -> 6960 | V8: 11 | W8: 45 | X8: 5 | Y8: 10 | Z8: - | AB8: =SUM(V8:AA8) -> 71 | AC8: =AB8*60 -> 4260 | AD8: 22 | AE8: 4 | AF8: 5 | AG8: - | AH8: 5 | AI8: =SUM(AD8:AH8) -> 36 | AJ8: =AI8*60 -> 2160 | AQ8: AFRECHO | AR8: =AM51 -> 427
B9: CON POLLO | D9: =SUM(C9:C9) -> 0 | E9: =D9*60 -> 0 | F9: - | G9: 23 | H9: 28 | I9: 2 | J9: - | K9: 1 | L9: =SUM(F9:K9) -> 54 | M9: =L9*60 -> 3240 | N9: 150 | O9: 18 | P9: 2 | Q9: 6 | R9: 10 | S9: 6 | T9: =SUM(N9:S9) -> 192 | U9: =T9*60 -> 11520 | V9: 13 | W9: 31 | X9: 4 | Y9: - | Z9: - | AA9: 1 | AB9: =SUM(V9:AA9) -> 49 | AC9: =AB9*60 -> 2940 | AD9: 10 | AE9: 23 | AF9: - | AG9: - | AH9: - | AI9: =SUM(AD9:AH9) -> 33 | AJ9: =AI9*60 -> 1980 | AQ9: VALOR M. | AR9: =AM52 -> 24766
B10: CON CUY | D10: =SUM(C10:C10) -> 0 | E10: =D10*60 -> 0 | F10: - | G10: 5 | H10: 5 | I10: 1 | J10: 1 | L10: =SUM(F10:K10) -> 12 | M10: =L10*60 -> 720 | N10: 16 | O10: 21 | P10: - | Q10: 5 | R10: 15 | S10: 17 | T10: =SUM(N10:S10) -> 74 | U10: =T10*60 -> 4440 | V10: 7 | X10: 17 | Y10: 1 | Z10: - | AB10: =SUM(V10:AA10) -> 25 | AC10: =AB10*60 -> 1500 | AD10: 12 | AE10: 13 | AF10: - | AG10: - | AH10: - | AI10: =SUM(AD10:AH10) -> 25 | AJ10: =AI10*60 -> 1500 | AQ10: MAIZ | AR10: =AM58 -> 7369
B11: VERDE | D11: =SUM(C11:C11) -> 0 | E11: =D11*65 -> 0 | F11: - | G11: 3 | H11: - | I11: - | J11: - | L11: =SUM(F11:K11) -> 3 | M11: =L11*65 -> 195 | N11: - | O11: - | P11: 8 | Q11: - | R11: - | S11: - | T11: =SUM(N11:S11) -> 8 | U11: =T11*65 -> 520 | V11: 2 | X11: 9 | Y11: - | Z11: - | AB11: =SUM(V11:AA11) -> 11 | AC11: =AB11*65 -> 715 | AD11: 5 | AE11: - | AF11: 1 | AG11: 3 | AH11: 2 | AI11: =SUM(AD11:AH11) -> 11 | AJ11: =AI11*65 -> 715 | AQ11: VALOR M. | AR11: =AM59 -> 747985
B12: ROJO | C12: 3 | D12: =SUM(C12:C12) -> 3 | E12: =D12*65 -> 195 | F12: 1 | G12: 7 | H12: - | I12: - | J12: 3 | L12: =SUM(F12:K12) -> 11 | M12: =L12*65 -> 715 | N12: - | O12: - | P12: 5 | Q12: - | R12: - | S12: - | T12: =SUM(N12:S12) -> 5 | U12: =T12*65 -> 325 | V12: 2 | W12: 1 | X12: 9 | Y12: 2 | Z12: - | AA12: 1 | AB12: =SUM(V12:AA12) -> 15 | AC12: =AB12*65 -> 975 | AD12: - | AE12: 1 | AF12: 1 | AG12: - | AH12: - | AI12: =SUM(AD12:AH12) -> 2 | AJ12: =AI12*65 -> 130 | AQ12: TRIGO | AR12: =AM61 -> 1227
B13: POLLON | C13: 11 | D13: =SUM(C13:C13) -> 11 | E13: =D13*95 -> 1045 | F13: 50 | G13: 62 | H13: 55 | I13: 13 | J13: 18 | K13: 35 | L13: =SUM(F13:K13) -> 233 | M13: =L13*95 -> 22135 | N13: 69 | O13: 7 | P13: 10 | Q13: 60 | R13: 9 | S13: 5 | T13: =SUM(N13:S13) -> 160 | U13: =T13*95 -> 15200 | V13: 48 | W13: 30 | X13: 8 | Y13: 51 | Z13: 13 | AB13: =SUM(V13:AA13) -> 150 | AC13: =AB13*95 -> 14250 | AD13: 23 | AE13: 25 | AF13: 30 | AG13: - | AH13: 10 | AI13: =SUM(AD13:AH13) -> 88 | AJ13: =AI13*95 -> 8360 | AQ13: VALOR M. | AR13: =AM62 -> 122700
B14: CTO POLLON | C14: 10 | D14: =SUM(C14:C14) -> 10 | E14: =D14*105 -> 1050 | F14: 40 | G14: 56 | H14: 48 | I14: 28 | J14: 12 | L14: =SUM(F14:K14) -> 184 | M14: =L14*105 -> 19320 | N14: 20 | O14: 8 | P14: - | Q14: 45 | R14: 10 | S14: 16 | T14: =SUM(N14:S14) -> 99 | U14: =T14*105 -> 10395 | V14: 52 | W14: 16 | X14: 5 | Y14: 54 | Z14: 5 | AB14: =SUM(V14:AA14) -> 132 | AC14: =AB14*105 -> 13860 | AD14: 35 | AE14: 8 | AG14: - | AH14: 15 | AI14: =SUM(AD14:AH14) -> 58 | AJ14: =AI14*105 -> 6090
B15: INICIO POLLON | D15: =SUM(C15:C15) -> 0 | E15: =D15*110 -> 0 | F15: 10 | G15: 26 | H15: 20 | I15: 1 | J15: 6 | L15: =SUM(F15:K15) -> 63 | M15: =L15*110 -> 6930 | N15: - | O15: 1 | P15: 4 | Q15: 15 | R15: 6 | S15: - | T15: =SUM(N15:S15) -> 26 | U15: =T15*110 -> 2860 | V15: 4 | W15: 3 | X15: 3 | Y15: 16 | Z15: - | AB15: =SUM(V15:AA15) -> 26 | AC15: =AB15*110 -> 2860 | AD15: 2 | AE15: 3 | AG15: - | AH15: - | AI15: =SUM(AD15:AH15) -> 5 | AJ15: =AI15*110 -> 550 | AQ15: MAIZ B12 | AR15: 340170
B16: DORIMICYN | C16: 2 | D16: =SUM(C16:C16) -> 2 | E16: =D16*70 -> 140 | G16: 1 | H16: 1 | I16: - | J16: 2 | L16: =SUM(F16:K16) -> 4 | M16: =L16*70 -> 280 | N16: 1 | O16: - | P16: 10 | Q16: - | R16: - | S16: 2 | T16: =SUM(N16:S16) -> 13 | U16: =T16*70 -> 910 | V16: - | W16: 30 | X16: 11 | Y16: 5 | AB16: =SUM(V16:AA16) -> 46 | AC16: =AB16*70 -> 3220 | AD16: 20 | AE16: 1 | AF16: 18 | AG16: - | AH16: - | AI16: =SUM(AD16:AH16) -> 39 | AJ16: =AI16*70 -> 2730
B17: CTO SIMPLE | C17: - | D17: =SUM(C17:C17) -> 0 | E17: =D17*0 -> 0 | G17: - | I17: - | L17: =SUM(F17:K17) -> 0 | M17: =L17*0 -> 0 | N17: - | R17: - | S17: - | T17: =SUM(N17:S17) -> 0 | U17: =T17*0 -> 0 | AB17: =SUM(V17:AA17) -> 0 | AC17: =AB17*0 -> 0 | AG17: - | AI17: =SUM(AD17:AH17) -> 0 | AJ17: =AI17*0 -> 0
B18: CTO ANA | C18: - | D18: =SUM(C18:C18) -> 0 | E18: =D18*0 -> 0 | G18: - | I18: - | L18: =SUM(F18:K18) -> 0 | M18: =L18*0 -> 0 | N18: - | R18: - | S18: - | T18: =SUM(N18:S18) -> 0 | U18: =T18*0 -> 0 | W18: - | Y18: - | Z18: - | AB18: =SUM(V18:AA18) -> 0 | AC18: =AB18*0 -> 0 | AD18: - | AG18: - | AI18: =SUM(AD18:AH18) -> 0 | AJ18: =AI18*0 -> 0
D19: =SUM(D4:D16) -> 53 | E19: =SUM(E4:E16) -> 4051 | L19: =SUM(L4:L16) -> 925 | M19: =SUM(M4:M16) -> 75218 | T19: =SUM(T4:T16) -> 1319 | U19: =SUM(U4:U16) -> 90788 | AB19: =SUM(AB4:AB16) -> 1053 | AC19: =SUM(AC4:AC16) -> 76324 | AI19: =SUM(AI4:AI16) -> 631 | AJ19: =SUM(AJ4:AJ16) -> 44288 | AL19: ALIMENTOS | AM19: =D50+L50+T50+AB50+AI50 -> 4882 | AN19: =AM20/AM19 -> 73.174109
B20: CTO BLANCO | D20: =SUM(C20:C20) -> 0 | E20: =D20*85 -> 0 | G20: 8 | H20: 3 | I20: - | L20: =SUM(F20:K20) -> 11 | M20: =L20*85 -> 935 | O20: - | P20: 15 | Q20: - | R20: 50 | S20: - | T20: =SUM(N20:S20) -> 65 | U20: =T20*85 -> 5525 | W20: 20 | X20: 17 | AB20: =SUM(V20:AA20) -> 37 | AC20: =AB20*85 -> 3145 | AD20: 25 | AG20: - | AH20: 5 | AI20: =SUM(AD20:AH20) -> 30 | AJ20: =AI20*85 -> 2550 | AL20: VALOR M. | AM20: =E50+M50+U50+AC50+AJ50 -> 357236
B21: ENG BLANCO | D21: =SUM(C21:C21) -> 0 | E21: =D21*84 -> 0 | G21: 6 | H21: - | I21: 10 | L21: =SUM(F21:K21) -> 16 | M21: =L21*84 -> 1344 | O21: - | P21: - | R21: 60 | S21: - | T21: =SUM(N21:S21) -> 60 | U21: =T21*84 -> 5040 | W21: 5 | X21: 35 | Y21: 5 | AB21: =SUM(V21:AA21) -> 45 | AC21: =AB21*84 -> 3780 | AD21: 24 | AG21: - | AH21: - | AI21: =SUM(AD21:AH21) -> 24 | AJ21: =AI21*84 -> 2016
B22: INICIO BLANCO | D22: =SUM(C22:C22) -> 0 | E22: =D22*85 -> 0 | G22: 14 | H22: 2 | I22: - | L22: =SUM(F22:K22) -> 16 | M22: =L22*85 -> 1360 | N22: 10 | O22: - | P22: - | R22: - | S22: - | T22: =SUM(N22:S22) -> 10 | U22: =T22*85 -> 850 | W22: 10 | X22: 15 | AB22: =SUM(V22:AA22) -> 25 | AC22: =AB22*85 -> 2125 | AD22: 15 | AE22: 1 | AF22: 5 | AG22: - | AH22: - | AI22: =SUM(AD22:AH22) -> 21 | AJ22: =AI22*85 -> 1785
B23: PRE BLANCO | D23: =SUM(C23:C23) -> 0 | E23: =D23*85 -> 0 | G23: 1 | H23: 1 | I23: - | L23: =SUM(F23:K23) -> 2 | M23: =L23*85 -> 170 | O23: 10 | P23: - | T23: =SUM(N23:S23) -> 10 | U23: =T23*85 -> 850 | W23: 8 | X23: 15 | Y23: 20 | AB23: =SUM(V23:AA23) -> 43 | AC23: =AB23*85 -> 3655 | AD23: - | AG23: - | AH23: 7 | AI23: =SUM(AD23:AH23) -> 7 | AJ23: =AI23*85 -> 595
B24: CTO AMARILLO | D24: =SUM(C24:C24) -> 0 | E24: =D24*85 -> 0 | G24: 1 | I24: - | L24: =SUM(F24:K24) -> 1 | M24: =L24*85 -> 85 | O24: 1 | P24: - | T24: =SUM(N24:S24) -> 1 | U24: =T24*85 -> 85 | W24: - | Y24: 5 | AB24: =SUM(V24:AA24) -> 5 | AC24: =AB24*85 -> 425 | AD24: - | AG24: - | AH24: - | AI24: =SUM(AD24:AH24) -> 0 | AJ24: =AI24*85 -> 0 | AL24: LINEA GALLO
B25: ENG AMARILLO | D25: =SUM(C25:C25) -> 0 | E25: =D25*84 -> 0 | G25: - | I25: - | L25: =SUM(F25:K25) -> 0 | M25: =L25*84 -> 0 | O25: - | P25: 10 | T25: =SUM(N25:S25) -> 10 | U25: =T25*84 -> 840 | W25: 10 | AB25: =SUM(V25:AA25) -> 10 | AC25: =AB25*84 -> 840 | AD25: 15 | AG25: - | AH25: - | AI25: =SUM(AD25:AH25) -> 15 | AJ25: =AI25*84 -> 1260 | AL25: POLLON | AM25: =D13+L13+T13+AB13+AI13 -> 642
B26: INICIO AMARILLO | D26: =SUM(C26:C26) -> 0 | E26: =D26*85 -> 0 | G26: 1 | I26: - | L26: =SUM(F26:K26) -> 1 | M26: =L26*85 -> 85 | O26: - | P26: - | T26: =SUM(N26:S26) -> 0 | U26: =T26*85 -> 0 | W26: - | Y26: 10 | AB26: =SUM(V26:AA26) -> 10 | AC26: =AB26*85 -> 850 | AD26: 5 | AG26: - | AH26: - | AI26: =SUM(AD26:AH26) -> 5 | AJ26: =AI26*85 -> 425 | AL26: POLLON CTO | AM26: =D14+L14+T14+AB14+AI14 -> 483
B27: PRE AMARILLO | D27: =SUM(C27:C27) -> 0 | E27: =D27*85 -> 0 | I27: - | L27: =SUM(F27:K27) -> 0 | M27: =L27*85 -> 0 | O27: - | P27: - | T27: =SUM(N27:S27) -> 0 | U27: =T27*85 -> 0 | W27: - | AB27: =SUM(V27:AA27) -> 0 | AC27: =AB27*85 -> 0 | AG27: - | AH27: - | AI27: =SUM(AD27:AH27) -> 0 | AJ27: =AI27*85 -> 0 | AL27: POLLON INICIO | AM27: =D15+L15+T15+AB15+AI15 -> 120
B28: CUY VITA | D28: =SUM(C28:C28) -> 0 | E28: =D28*75 -> 0 | G28: 11 | I28: - | L28: =SUM(F28:K28) -> 11 | M28: =L28*75 -> 825 | N28: 11 | O28: - | P28: - | T28: =SUM(N28:S28) -> 11 | U28: =T28*75 -> 825 | W28: - | X28: 13 | AA28: 5 | AB28: =SUM(V28:AA28) -> 18 | AC28: =AB28*75 -> 1350 | AG28: - | AH28: 10 | AI28: =SUM(AD28:AH28) -> 10 | AJ28: =AI28*75 -> 750 | AM28: =SUM(AM25:AM27) -> 1245
B29: CONEJO VITA | D29: =SUM(C29:C29) -> 0 | E29: =D29*75 -> 0 | F29: 7 | I29: - | L29: =SUM(F29:K29) -> 7 | M29: =L29*75 -> 525 | O29: - | P29: - | T29: =SUM(N29:S29) -> 0 | U29: =T29*75 -> 0 | W29: - | AB29: =SUM(V29:AA29) -> 0 | AC29: =AB29*75 -> 0 | AD29: 10 | AG29: - | AI29: =SUM(AD29:AH29) -> 10 | AJ29: =AI29*75 -> 750
B30: POSTURA | D30: =SUM(C30:C30) -> 0 | E30: =D30*78 -> 0 | G30: 11 | H30: 4 | I30: 10 | L30: =SUM(F30:K30) -> 25 | M30: =L30*78 -> 1950 | N30: 3 | O30: 5 | P30: 8 | R30: 6 | T30: =SUM(N30:S30) -> 22 | U30: =T30*78 -> 1716 | V30: 2 | W30: 21 | X30: 5 | Y30: 7 | AB30: =SUM(V30:AA30) -> 35 | AC30: =AB30*78 -> 2730 | AE30: 7 | AF30: 10 | AG30: - | AI30: =SUM(AD30:AH30) -> 17 | AJ30: =AI30*78 -> 1326
B31: POSTURA ECO. | D31: =SUM(C31:C31) -> 0 | E31: =D31*70 -> 0 | L31: =SUM(F31:K31) -> 0 | M31: =L31*70 -> 0 | P31: - | T31: =SUM(N31:S31) -> 0 | U31: =T31*70 -> 0 | W31: - | AB31: =SUM(V31:AA31) -> 0 | AC31: =AB31*70 -> 0 | AG31: - | AI31: =SUM(AD31:AH31) -> 0 | AJ31: =AI31*70 -> 0
B32: ROJO PROVINCIA | D32: =SUM(C32:C32) -> 0 | E32: =D32*60 -> 0 | L32: =SUM(F32:K32) -> 0 | M32: =L32*60 -> 0 | P32: - | T32: =SUM(N32:S32) -> 0 | U32: =T32*60 -> 0 | AB32: =SUM(V32:AA32) -> 0 | AC32: =AB32*60 -> 0 | AF32: - | AG32: - | AH32: - | AI32: =SUM(AD32:AH32) -> 0 | AJ32: =AI32*60 -> 0
B33: VERDE PROVINCIA | D33: =SUM(C33:C33) -> 0 | E33: =D33*60 -> 0 | L33: =SUM(F33:K33) -> 0 | M33: =L33*60 -> 0 | P33: - | T33: =SUM(N33:S33) -> 0 | U33: =T33*60 -> 0 | AB33: =SUM(V33:AA33) -> 0 | AC33: =AB33*60 -> 0 | AG33: - | AI33: =SUM(AD33:AH33) -> 0 | AJ33: =AI33*60 -> 0
B34: ENG SIMPLE | D34: =SUM(C34:C34) -> 0 | E34: =D34*40 -> 0 | L34: =SUM(F34:K34) -> 0 | M34: =L34*40 -> 0 | P34: - | T34: =SUM(N34:S34) -> 0 | U34: =T34*40 -> 0 | AB34: =SUM(V34:AA34) -> 0 | AC34: =AB34*40 -> 0 | AG34: - | AI34: =SUM(AD34:AH34) -> 0 | AJ34: =AI34*40 -> 0
B35: CTO SIMPLE | C35: 20 | D35: =SUM(C35:C35) -> 20 | E35: =D35*40 -> 800 | H35: 30 | J35: 24 | L35: =SUM(F35:K35) -> 54 | M35: =L35*40 -> 2160 | P35: - | T35: =SUM(N35:S35) -> 0 | U35: =T35*40 -> 0 | V35: 6 | X35: 40 | AB35: =SUM(V35:AA35) -> 46 | AC35: =AB35*40 -> 1840 | AD35: 3 | AE35: 2 | AF35: 60 | AG35: - | AI35: =SUM(AD35:AH35) -> 65 | AJ35: =AI35*40 -> 2600
B36: GRANJA X 40 KG | D36: =SUM(C36:C36) -> 0 | E36: =D36*76 -> 0 | L36: =SUM(F36:K36) -> 0 | M36: =L36*76 -> 0 | P36: - | T36: =SUM(N36:S36) -> 0 | U36: =T36*76 -> 0 | W36: 50 | AB36: =SUM(V36:AA36) -> 50 | AC36: =AB36*76 -> 3800 | AG36: - | AI36: =SUM(AD36:AH36) -> 0 | AJ36: =AI36*76 -> 0
B37: GRANJA X 50 KG | D37: =SUM(C37:C37) -> 0 | E37: =D37*90 -> 0 | L37: =SUM(F37:K37) -> 0 | M37: =L37*90 -> 0 | P37: - | T37: =SUM(N37:S37) -> 0 | U37: =T37*90 -> 0 | AB37: =SUM(V37:AA37) -> 0 | AC37: =AB37*90 -> 0 | AG37: - | AI37: =SUM(AD37:AH37) -> 0 | AJ37: =AI37*90 -> 0
B38: CTO CON. POLLO | D38: =SUM(C38:C38) -> 0 | E38: =D38*91 -> 0 | L38: =SUM(F38:K38) -> 0 | M38: =L38*91 -> 0 | P38: - | T38: =SUM(N38:S38) -> 0 | U38: =T38*91 -> 0 | AB38: =SUM(V38:AA38) -> 0 | AC38: =AB38*91 -> 0 | AG38: - | AI38: =SUM(AD38:AH38) -> 0 | AJ38: =AI38*91 -> 0
B39: ENG CON. POLLO | D39: =SUM(C39:C39) -> 0 | E39: =D39*90 -> 0 | L39: =SUM(F39:K39) -> 0 | M39: =L39*90 -> 0 | P39: - | T39: =SUM(N39:S39) -> 0 | U39: =T39*90 -> 0 | AB39: =SUM(V39:AA39) -> 0 | AC39: =AB39*90 -> 0 | AG39: - | AI39: =SUM(AD39:AH39) -> 0 | AJ39: =AI39*90 -> 0
B40: CERDO MANTTO | D40: =SUM(C40:C40) -> 0 | E40: =D40*76 -> 0 | L40: =SUM(F40:K40) -> 0 | M40: =L40*76 -> 0 | P40: - | T40: =SUM(N40:S40) -> 0 | U40: =T40*76 -> 0 | AB40: =SUM(V40:AA40) -> 0 | AC40: =AB40*76 -> 0 | AG40: - | AI40: =SUM(AD40:AH40) -> 0 | AJ40: =AI40*76 -> 0
B41: CTO CERDO | D41: =SUM(C41:C41) -> 0 | E41: =D41*100 -> 0 | L41: =SUM(F41:K41) -> 0 | M41: =L41*100 -> 0 | P41: - | T41: =SUM(N41:S41) -> 0 | U41: =T41*100 -> 0 | W41: 10 | AB41: =SUM(V41:AA41) -> 10 | AC41: =AB41*100 -> 1000 | AG41: - | AI41: =SUM(AD41:AH41) -> 0 | AJ41: =AI41*100 -> 0
B42: ENG CERDO | D42: =SUM(C42:C42) -> 0 | E42: =D42*100 -> 0 | L42: =SUM(F42:K42) -> 0 | M42: =L42*100 -> 0 | P42: - | T42: =SUM(N42:S42) -> 0 | U42: =T42*100 -> 0 | W42: 10 | AB42: =SUM(V42:AA42) -> 10 | AC42: =AB42*100 -> 1000 | AG42: - | AI42: =SUM(AD42:AH42) -> 0 | AJ42: =AI42*100 -> 0
B43: POSTURA POLVO | D43: =SUM(C43:C43) -> 0 | E43: =D43*78 -> 0 | L43: =SUM(F43:K43) -> 0 | M43: =L43*78 -> 0 | P43: - | T43: =SUM(N43:S43) -> 0 | U43: =T43*78 -> 0 | AB43: =SUM(V43:AA43) -> 0 | AC43: =AB43*78 -> 0 | AG43: - | AI43: =SUM(AD43:AH43) -> 0 | AJ43: =AI43*78 -> 0
B44: VITAOVO ANA | D44: =SUM(C44:C44) -> 0 | E44: =D44*104 -> 0 | G44: 80 | I44: 14 | L44: =SUM(F44:K44) -> 94 | M44: =L44*104 -> 9776 | N44: 80 | O44: 23 | P44: - | R44: 60 | S44: - | T44: =SUM(N44:S44) -> 163 | U44: =T44*104 -> 16952 | X44: 53 | AB44: =SUM(V44:AA44) -> 53 | AC44: =AB44*104 -> 5512 | AD44: 4 | AE44: 20 | AG44: 60 | AI44: =SUM(AD44:AH44) -> 84 | AJ44: =AI44*104 -> 8736
B45: VITAOVO CARNE | D45: =SUM(C45:C45) -> 0 | E45: =D45*106 -> 0 | L45: =SUM(F45:K45) -> 0 | M45: =L45*106 -> 0 | P45: - | R45: - | S45: 35 | T45: =SUM(N45:S45) -> 35 | U45: =T45*106 -> 3710 | V45: 55 | X45: 26 | AB45: =SUM(V45:AA45) -> 81 | AC45: =AB45*106 -> 8586 | AI45: =SUM(AD45:AH45) -> 0 | AJ45: =AI45*106 -> 0
B46: VITAOVO SIMPLE | D46: =SUM(C46:C46) -> 0 | E46: =D46*104 -> 0 | G46: 4 | H46: 15 | L46: =SUM(F46:K46) -> 19 | M46: =L46*104 -> 1976 | N46: 2 | P46: 50 | Q46: 10 | R46: - | S46: 6 | T46: =SUM(N46:S46) -> 68 | U46: =T46*104 -> 7072 | V46: 2 | W46: 20 | AB46: =SUM(V46:AA46) -> 22 | AC46: =AB46*104 -> 2288 | AD46: 10 | AE46: 4 | AH46: 20 | AI46: =SUM(AD46:AH46) -> 34 | AJ46: =AI46*104 -> 3536
B47: AFRECHO | D47: =SUM(C47:C47) -> 0 | E47: =D47*58 -> 0 | G47: 11 | H47: 17 | I47: 61 | J47: 12 | K47: 22 | L47: =SUM(F47:K47) -> 123 | M47: =L47*58 -> 7134 | N47: 8 | O47: 26 | P47: 4 | Q47: 35 | R47: 50 | S47: 25 | T47: =SUM(N47:S47) -> 148 | U47: =T47*58 -> 8584 | V47: 25 | X47: 55 | Y47: 6 | AB47: =SUM(V47:AA47) -> 86 | AC47: =AB47*58 -> 4988 | AD47: 21 | AE47: 24 | AF47: 20 | AH47: 5 | AI47: =SUM(AD47:AH47) -> 70 | AJ47: =AI47*58 -> 4060
D48: =SUM(D20:D43) -> 20 | E48: =SUM(E20:E43) -> 800 | L48: =SUM(L20:L43) -> 144 | M48: =SUM(M20:M43) -> 9439 | T48: =SUM(T20:T43) -> 189 | U48: =SUM(U20:U43) -> 15731 | AB48: =SUM(AB20:AB43) -> 344 | AC48: =SUM(AC20:AC43) -> 26540 | AI48: =SUM(AI20:AI43) -> 204 | AJ48: =SUM(AJ20:AJ43) -> 14057 | AL48: VITAOVO | AM48: =D51+L51+T51+AB51+AI51 -> 653 | AN48: =AM49/AM48 -> 104.35528
AL49: VALOR M. | AM49: =E51+M51+AC51+U51+AJ51 -> 68144
B50: ALIMENTO | D50: =D48+D19 -> 73 | E50: =E48+E19 -> 4851 | K50: TOTAL | L50: =L48+L19 -> 1069 | M50: =M48+M19 -> 84657 | T50: =T48+T19 -> 1508 | U50: =U48+U19 -> 106519 | AB50: =AB48+AB19 -> 1397 | AC50: =AC48+AC19 -> 102864 | AI50: =AI48+AI19 -> 835 | AJ50: =AJ48+AJ19 -> 58345
B51: VITAOVO | D51: =SUM(D44:D46) -> 0 | E51: =SUM(E44:E46) -> 0 | L51: =SUM(L44:L46) -> 113 | M51: =SUM(M44:M46) -> 11752 | T51: =SUM(T44:T46) -> 266 | U51: =SUM(U44:U46) -> 27734 | AB51: =SUM(AB44:AB46) -> 156 | AC51: =SUM(AC44:AC46) -> 16386 | AI51: =SUM(AI44:AI46) -> 118 | AJ51: =SUM(AJ44:AJ46) -> 12272 | AL51: AFRECHO | AM51: =D52+L52+AB52+T52+AI52 -> 427 | AN51: =AM52/AM51 -> 58
B52: AFRECHO | D52: =D47 -> 0 | E52: =E47 -> 0 | L52: =L47 -> 123 | M52: =M47 -> 7134 | T52: =T47 -> 148 | U52: =U47 -> 8584 | AB52: =AB47 -> 86 | AC52: =AC47 -> 4988 | AI52: =AI47 -> 70 | AJ52: =AJ47 -> 4060 | AL52: VALOR M. | AM52: =E52+AC52+U52+M52+AJ52 -> 24766
B55: ALIMENTO | C55: 45659 | D55: TOTAL | E55: MONTO | F55: 45663 | G55: 45664 | H55: 45665 | I55: 45666 | J55: 45667 | K55: 45668 | L55: TOTAL | M55: MONTO | N55: 45670 | O55: 45671 | P55: 45672 | Q55: 45673 | R55: 45674 | S55: 45703 | T55: TOTAL | U55: MONTO | V55: 45705 | W55: 45706 | X55: 45707 | Y55: 45708 | Z55: 45709 | AA55: 45710 | AB55: TOTAL | AC55: MONTO | AD55: 45712 | AE55: 45713 | AF55: 45714 | AG55: 45715 | AH55: 45716 | AI55: TOTAL | AJ55: MONTO
B56: MAIZ PARTIDO | C56: 193 | D56: =SUM(C56:C56) -> 193 | E56: =D56*106 -> 20458 | F56: 43 | G56: 165 | H56: 85 | I56: 200 | J56: 70 | K56: 30 | L56: =SUM(F56:K56) -> 593 | M56: =L56*103 -> 61079 | N56: 173 | O56: 161 | P56: 160 | Q56: 85 | R56: 153 | S56: 117 | T56: =SUM(N56:S56) -> 849 | U56: =T56*103 -> 87447 | V56: 272 | W56: 161 | X56: 290 | Y56: 201 | Z56: 40 | AA56: 60 | AB56: =SUM(V56:AA56) -> 1024 | AC56: =AB56*102 -> 104448 | AD56: 229 | AE56: 112 | AF56: 116 | AG56: 145 | AH56: 40 | AI56: =SUM(AD56:AH56) -> 642 | AJ56: =AI56*101 -> 64842
B57: MAIZ ENTERO | C57: 170 | D57: =SUM(C57:C57) -> 170 | E57: =D57*104 -> 17680 | F57: 43 | G57: 131 | H57: 70 | I57: 408 | J57: 40 | K57: 20 | L57: =SUM(F57:K57) -> 712 | M57: =L57*101 -> 71912 | N57: 175 | O57: 92 | P57: 160 | Q57: 60 | R57: 123 | S57: 116 | T57: =SUM(N57:S57) -> 726 | U57: =T57*101 -> 73326 | V57: 294 | W57: 241 | X57: 220 | Y57: 152 | Z57: 20 | AA57: 30 | AB57: =SUM(V57:AA57) -> 957 | AC57: =AB57*100 -> 95700 | AD57: 194 | AE57: 146 | AF57: 90 | AG57: 110 | AH57: 30 | AI57: =SUM(AD57:AH57) -> 570 | AJ57: =AI57*99 -> 56430
B58: MAIZ REFINADO | C58: 55 | D58: =SUM(C58:C58) -> 55 | E58: =D58*106 -> 5830 | F58: 10 | G58: 58 | H58: 27 | I58: 33 | J58: 20 | K58: 10 | L58: =SUM(F58:K58) -> 158 | M58: =L58*103 -> 16274 | N58: 34 | O58: 77 | P58: 85 | Q58: 15 | R58: 48 | S58: 35 | T58: =SUM(N58:S58) -> 294 | U58: =T58*103 -> 30282 | V58: 55 | W58: 30 | X58: 50 | Y58: 65 | Z58: 12 | AB58: =SUM(V58:AA58) -> 212 | AC58: =AB58*102 -> 21624 | AD58: 39 | AE58: 37 | AF58: 30 | AG58: 40 | AH58: 5 | AI58: =SUM(AD58:AH58) -> 151 | AJ58: =AI58*101 -> 15251 | AL58: MAIZ | AM58: =D64+L64+T64+AB64+AI64 -> 7369 | AN58: =AM59/AM58 -> 101.50427
B59: MAIZ INTEGRAL | D59: =SUM(C59:C59) -> 0 | E59: =D59*88 -> 0 | H59: 5 | I59: 1 | K59: 30 | L59: =SUM(F59:K59) -> 36 | M59: =L59*86 -> 3096 | N59: 1 | O59: 5 | P59: 2 | Q59: - | S59: 7 | T59: =SUM(N59:S59) -> 15 | U59: =T59*86 -> 1290 | V59: 3 | X59: - | Y59: 5 | AB59: =SUM(V59:AA59) -> 8 | AC59: =AB59*85 -> 680 | AD59: 3 | AE59: 1 | AG59: - | AI59: =SUM(AD59:AH59) -> 4 | AJ59: =AI59*84 -> 336 | AL59: VALOR M. | AM59: =E64+M64+U64+AC64+AJ64 -> 747985
B60: TRIGO | D60: =SUM(C60:C60) -> 0 | E60: =D60*100 -> 0 | F60: 20 | G60: 98 | H60: 30 | I60: 23 | J60: 148 | L60: =SUM(F60:K60) -> 319 | M60: =L60*100 -> 31900 | N60: 43 | O60: 33 | P60: 23 | Q60: 225 | R60: 180 | S60: 14 | T60: =SUM(N60:S60) -> 518 | U60: =T60*100 -> 51800 | V60: 45 | W60: 70 | X60: 40 | Y60: 6 | Z60: 100 | AB60: =SUM(V60:AA60) -> 261 | AC60: =AB60*100 -> 26100 | AD60: 28 | AE60: 56 | AF60: 45 | AG60: - | AI60: =SUM(AD60:AH60) -> 129 | AJ60: =AI60*100 -> 12900
B61: SOYA | D61: =SUM(C61:C61) -> 0 | E61: =D61*100 -> 0 | F61: 4 | L61: =SUM(F61:K61) -> 4 | M61: =L61*115 -> 460 | S61: 40 | T61: =SUM(N61:S61) -> 40 | U61: =T61*108 -> 4320 | V61: 1 | AB61: =SUM(V61:AA61) -> 1 | AC61: =AB61*115 -> 115 | AG61: - | AI61: =SUM(AD61:AH61) -> 0 | AJ61: =AI61*115 -> 0 | AL61: TRIGO | AM61: =D60+L60+T60+AB60+AI60 -> 1227 | AN61: =AM62/AM61 -> 100
D62: =SUM(D56:D61) -> 418 | E62: =SUM(E56:E61) -> 43968 | L62: =SUM(L56:L61) -> 1822 | M62: =SUM(M56:M61) -> 184721 | T62: =SUM(T56:T61) -> 2442 | U62: =SUM(U56:U61) -> 248465 | AB62: =SUM(AB56:AB61) -> 2463 | AC62: =SUM(AC56:AC61) -> 248667 | AI62: =SUM(AI56:AI61) -> 1496 | AJ62: =SUM(AJ56:AJ61) -> 149759 | AL62: VALOR M. | AM62: =E60+M60+U60+AC60+AJ60 -> 122700
D64: =D56+D57+D58+D59 -> 418 | E64: =E56+E57+E58+E59 -> 43968 | K64: TOTAL MAIZ | L64: =L56+L57+L58+L59 -> 1499 | M64: =M56+M57+M58+M59 -> 152361 | T64: =T56+T57+T58+T59 -> 1884 | U64: =U56+U57+U58+U59 -> 192345 | AB64: =AB56+AB57+AB58+AB59 -> 2201 | AC64: =AC56+AC57+AC58+AC59 -> 222452 | AI64: =AI56+AI57+AI58+AI59 -> 1367 | AJ64: =AJ56+AJ57+AJ58+AJ59 -> 136859
AL66: VENTA TOTAL | AM66: =AM62+AM59+AM20 -> 1227921
M1964: 30…0.

Sheet MARZO
B3: ALIMENTO | C3: 45717 | D3: SUB TOTAL | E3: MONTO | F3: 45719 | G3: 45720 | H3: 45721 | I3: 45722 | J3: 45723 | K3: 45724 | L3: SUB TOTAL | M3: MONTO | N3: 45726 | O3: 45727 | P3: 45728 | Q3: 45729 | R3: 45730 | S3: 45731 | T3: SUB TOTAL | U3: MONTO | V3: 45733 | W3: 45734 | X3: 45735 | Y3: 45736 | Z3: 45737 | AA3: 45738 | AB3: SUB TOTAL | AC3: MONTO | AD3: 45740 | AE3: 45741 | AF3: 45742 | AG3: 45743 | AH3: 45744 | AI3: 45745 | AJ3: 45747 | AK3: SUB TOTAL | AL3: MONTO | AS3: MES : MARZO
B4: ENG CARNE | C4: - | D4: =SUM(C4:C4) -> 0 | E4: =D4*60 -> 0 | F4: 3 | G4: 22 | H4: 60 | I4: 79 | J4: 83 | K4: 15 | L4: =SUM(F4:K4) -> 262 | M4: =L4*60 -> 15720 | N4: 68 | O4: 15 | P4: 35 | Q4: 10 | R4: 10 | S4: 67 | T4: =SUM(N4:S4) -> 205 | U4: =T4*60 -> 12300 | V4: - | W4: 26 | X4: 47 | Y4: 42 | Z4: 45 | AA4: 5 | AB4: =SUM(V4:AA4) -> 165 | AC4: =AB4*60 -> 9900 | AD4: 20 | AE4: 78 | AF4: 50 | AG4: 3 | AH4: 42 | AI4: 55 | AJ4: 25 | AK4: =SUM(AD4:AJ4) -> 273 | AL4: =AK4*60 -> 16380 | AS4: ALIMENTOS | AT4: =AO19 -> 6162
B5: CTO CARNE | C5: 16 | D5: =SUM(C5:C5) -> 16 | E5: =D5*60 -> 960 | F5: 14 | G5: 16 | H5: 55 | I5: 49 | J5: 90 | K5: 15 | L5: =SUM(F5:K5) -> 239 | M5: =L5*60 -> 14340 | N5: 33 | O5: 15 | P5: 25 | Q5: 35 | R5: 5 | S5: 41 | T5: =SUM(N5:S5) -> 154 | U5: =T5*60 -> 9240 | V5: 10 | W5: 30 | X5: 45 | Y5: 22 | Z5: 52 | AA5: 5 | AB5: =SUM(V5:AA5) -> 164 | AC5: =AB5*60 -> 9840 | AD5: 37 | AE5: 78 | AF5: 45 | AH5: 12 | AI5: 55 | AJ5: 25 | AK5: =SUM(AD5:AJ5) -> 252 | AL5: =AK5*60 -> 15120 | AS5: VALOR M. | AT5: =AO20 -> 453703
B6: INICIO CARNE | C6: 5 | D6: =SUM(C6:C6) -> 5 | E6: =D6*61 -> 305 | F6: - | G6: 20 | H6: 12 | I6: 46 | J6: 17 | K6: 12 | L6: =SUM(F6:K6) -> 107 | M6: =L6*61 -> 6527 | N6: 8 | O6: 4 | P6: 6 | Q6: 1 | R6: - | S6: 1 | T6: =SUM(N6:S6) -> 20 | U6: =T6*61 -> 1220 | V6: 16 | W6: 7 | X6: 14 | Y6: 9 | Z6: 6 | AA6: - | AB6: =SUM(V6:AA6) -> 52 | AC6: =AB6*61 -> 3172 | AD6: 2 | AE6: 11 | AF6: 15 | AG6: 10 | AH6: 17 | AI6: 15 | AJ6: 8 | AK6: =SUM(AD6:AJ6) -> 78 | AL6: =AK6*61 -> 4758 | AS6: VITAOVO | AT6: =AO48 -> 821
B7: CONEJO | C7: 9 | D7: =SUM(C7:C7) -> 9 | E7: =D7*60 -> 540 | G7: 5 | H7: - | I7: 20 | J7: 20 | K7: 15 | L7: =SUM(F7:K7) -> 60 | M7: =L7*60 -> 3600 | N7: 47 | O7: - | P7: - | Q7: 9 | R7: 5 | S7: 29 | T7: =SUM(N7:S7) -> 90 | U7: =T7*60 -> 5400 | V7: - | W7: 9 | X7: 21 | Y7: 15 | Z7: 25 | AA7: 4 | AB7: =SUM(V7:AA7) -> 74 | AC7: =AB7*60 -> 4440 | AD7: - | AE7: 6 | AF7: - | AH7: 16 | AI7: - | AJ7: 13 | AK7: =SUM(AD7:AJ7) -> 35 | AL7: =AK7*60 -> 2100 | AS7: VALOR M. | AT7: =AO49 -> 79700
B8: CUY | D8: =SUM(C8:C8) -> 0 | E8: =D8*60 -> 0 | F8: 2 | G8: - | H8: - | I8: 25 | J8: 20 | K8: - | L8: =SUM(F8:K8) -> 47 | M8: =L8*60 -> 2820 | N8: 38 | O8: 5 | P8: - | Q8: 15 | R8: - | S8: - | T8: =SUM(N8:S8) -> 58 | U8: =T8*60 -> 3480 | V8: - | W8: 17 | X8: 36 | Y8: - | Z8: 25 | AA8: 2 | AB8: =SUM(V8:AA8) -> 80 | AC8: =AB8*60 -> 4800 | AD8: - | AE8: 29 | AF8: - | AG8: 5 | AH8: 12 | AI8: - | AJ8: 25 | AK8: =SUM(AD8:AJ8) -> 71 | AL8: =AK8*60 -> 4260 | AS8: AFRECHO | AT8: =AO51 -> 517
B9: CON POLLO | C9: 3 | D9: =SUM(C9:C9) -> 3 | E9: =D9*60 -> 180 | F9: 2 | G9: 11 | H9: - | I9: 20 | J9: 10 | K9: 8 | L9: =SUM(F9:K9) -> 51 | M9: =L9*60 -> 3060 | N9: 9 | O9: 6 | P9: 2 | Q9: 1 | R9: - | S9: 5 | T9: =SUM(N9:S9) -> 23 | U9: =T9*60 -> 1380 | V9: - | W9: 4 | X9: - | Y9: 16 | Z9: 20 | AA9: - | AB9: =SUM(V9:AA9) -> 40 | AC9: =AB9*60 -> 2400 | AD9: 54 | AE9: - | AG9: 2 | AH9: - | AI9: - | AJ9: 24 | AK9: =SUM(AD9:AJ9) -> 80 | AL9: =AK9*60 -> 4800 | AS9: VALOR M. | AT9: =AO52 -> 23265
B10: CON CUY | C10: 11 | D10: =SUM(C10:C10) -> 11 | E10: =D10*60 -> 660 | F10: 4 | G10: - | H10: 2 | I10: 15 | J10: 1 | K10: 20 | L10: =SUM(F10:K10) -> 42 | M10: =L10*60 -> 2520 | N10: 6 | O10: 1 | P10: - | R10: - | S10: - | T10: =SUM(N10:S10) -> 7 | U10: =T10*60 -> 420 | V10: - | W10: 5 | X10: - | Y10: 11 | Z10: 7 | AA10: 3 | AB10: =SUM(V10:AA10) -> 26 | AC10: =AB10*60 -> 1560 | AD10: 10 | AE10: 22 | AG10: 5 | AH10: - | AI10: - | AJ10: 12 | AK10: =SUM(AD10:AJ10) -> 49 | AL10: =AK10*60 -> 2940 | AS10: MAIZ | AT10: =AO58 -> 9328
B11: VERDE | C11: 1 | D11: =SUM(C11:C11) -> 1 | E11: =D11*65 -> 65 | F11: - | G11: - | H11: - | I11: 6 | J11: - | K11: 3 | L11: =SUM(F11:K11) -> 9 | M11: =L11*65 -> 585 | N11: 1 | O11: - | P11: 5 | Q11: 2 | R11: - | S11: 3 | T11: =SUM(N11:S11) -> 11 | U11: =T11*65 -> 715 | V11: 3 | W11: 2 | X11: 1 | Y11: 1 | Z11: - | AA11: - | AB11: =SUM(V11:AA11) -> 7 | AC11: =AB11*65 -> 455 | AD11: 1 | AE11: 1 | AF11: 5 | AH11: 6 | AI11: 10 | AJ11: - | AK11: =SUM(AD11:AJ11) -> 23 | AL11: =AK11*65 -> 1495 | AS11: VALOR M. | AT11: =AO59 -> 898799
B12: ROJO | D12: =SUM(C12:C12) -> 0 | E12: =D12*65 -> 0 | F12: 2 | G12: - | H12: - | I12: 6 | J12: 1 | K12: - | L12: =SUM(F12:K12) -> 9 | M12: =L12*65 -> 585 | N12: - | O12: 3 | P12: 15 | Q12: 2 | R12: 5 | S12: 1 | T12: =SUM(N12:S12) -> 26 | U12: =T12*65 -> 1690 | V12: 1 | W12: 2 | X12: 4 | Y12: - | Z12: - | AA12: - | AB12: =SUM(V12:AA12) -> 7 | AC12: =AB12*65 -> 455 | AD12: - | AE12: 1 | AF12: 5 | AH12: 6 | AI12: 10 | AJ12: - | AK12: =SUM(AD12:AJ12) -> 22 | AL12: =AK12*65 -> 1430 | AS12: TRIGO | AT12: =AO61 -> 1278
B13: POLLON | C13: 10 | D13: =SUM(C13:C13) -> 10 | E13: =D13*95 -> 950 | F13: 2 | G13: 48 | H13: 50 | I13: 98 | J13: 20 | K13: 35 | L13: =SUM(F13:K13) -> 253 | M13: =L13*95 -> 24035 | N13: 29 | O13: 2 | P13: 20 | Q13: 32 | R13: 50 | S13: 56 | T13: =SUM(N13:S13) -> 189 | U13: =T13*95 -> 17955 | V13: - | W13: 29 | X13: 34 | Y13: 48 | Z13: 8 | AA13: 20 | AB13: =SUM(V13:AA13) -> 139 | AC13: =AB13*95 -> 13205 | AD13: 15 | AE13: 23 | AF13: 50 | AG13: 74 | AH13: 16 | AI13: - | AJ13: 78 | AK13: =SUM(AD13:AJ13) -> 256 | AL13: =AK13*95 -> 24320 | AS13: VALOR M. | AT13: =AO62 -> 127800
B14: CTO POLLON | C14: 21 | D14: =SUM(C14:C14) -> 21 | E14: =D14*105 -> 2205 | F14: 4 | G14: 23 | H14: 1 | I14: 20 | J14: 30 | K14: - | L14: =SUM(F14:K14) -> 78 | M14: =L14*105 -> 8190 | N14: 58 | O14: 18 | P14: 12 | Q14: 38 | R14: 1 | S14: 6 | T14: =SUM(N14:S14) -> 133 | U14: =T14*105 -> 13965 | V14: 1 | W14: 38 | X14: 47 | Y14: 24 | Z14: - | AA14: 15 | AB14: =SUM(V14:AA14) -> 125 | AC14: =AB14*105 -> 13125 | AD14: 75 | AE14: 34 | AF14: 60 | AG14: 4 | AH14: 18 | AI14: 10 | AJ14: 20 | AK14: =SUM(AD14:AJ14) -> 221 | AL14: =AK14*105 -> 23205
B15: INICIO POLLON | D15: =SUM(C15:C15) -> 0 | E15: =D15*110 -> 0 | F15: - | H15: - | I15: - | J15: 10 | K15: - | L15: =SUM(F15:K15) -> 10 | M15: =L15*110 -> 1100 | N15: 2 | P15: 15 | Q15: 1 | R15: 10 | S15: 5 | T15: =SUM(N15:S15) -> 33 | U15: =T15*110 -> 3630 | W15: 10 | X15: 11 | Y15: 1 | Z15: 2 | AA15: 5 | AB15: =SUM(V15:AA15) -> 29 | AC15: =AB15*110 -> 3190 | AD15: 2 | AE15: 1 | AF15: - | AG15: 20 | AH15: - | AJ15: - | AK15: =SUM(AD15:AJ15) -> 23 | AL15: =AK15*110 -> 2530 | AS15: MAIZ B12 | AT15: 339950
B16: DORIMICYN | D16: =SUM(C16:C16) -> 0 | E16: =D16*70 -> 0 | H16: - | I16: - | K16: 5 | L16: =SUM(F16:K16) -> 5 | M16: =L16*70 -> 350 | N16: 3 | P16: 15 | S16: - | T16: =SUM(N16:S16) -> 18 | U16: =T16*70 -> 1260 | W16: 4 | X16: 20 | Y16: - | AB16: =SUM(V16:AA16) -> 24 | AC16: =AB16*70 -> 1680 | AD16: 10 | AE16: 11 | AH16: - | AJ16: 2 | AK16: =SUM(AD16:AJ16) -> 23 | AL16: =AK16*70 -> 1610
B17: CTO SIMPLE | D17: =SUM(C17:C17) -> 0 | E17: =D17*0 -> 0 | F17: 1 | H17: - | I17: - | L17: =SUM(F17:K17) -> 1 | M17: =L17*0 -> 0 | S17: - | T17: =SUM(N17:S17) -> 0 | U17: =T17*0 -> 0 | Y17: - | AB17: =SUM(V17:AA17) -> 0 | AC17: =AB17*0 -> 0 | AH17: - | AJ17: - | AK17: =SUM(AD17:AJ17) -> 0 | AL17: =AK17*0 -> 0
B18: CTO ANA | D18: =SUM(C18:C18) -> 0 | E18: =D18*0 -> 0 | H18: - | I18: - | L18: =SUM(F18:K18) -> 0 | M18: =L18*0 -> 0 | N18: - | R18: - | S18: - | T18: =SUM(N18:S18) -> 0 | U18: =T18*0 -> 0 | Y18: - | AB18: =SUM(V18:AA18) -> 0 | AC18: =AB18*0 -> 0 | AD18: - | AG18: - | AH18: - | AJ18: - | AK18: =SUM(AD18:AJ18) -> 0 | AL18: =AK18*0 -> 0
D19: =SUM(D4:D16) -> 76 | E19: =SUM(E4:E16) -> 5865 | L19: =SUM(L4:L16) -> 1172 | M19: =SUM(M4:M16) -> 83432 | T19: =SUM(T4:T16) -> 967 | U19: =SUM(U4:U16) -> 72655 | AB19: =SUM(AB4:AB16) -> 932 | AC19: =SUM(AC4:AC16) -> 68222 | AK19: =SUM(AK4:AK16) -> 1406 | AL19: =SUM(AL4:AL16) -> 104948 | AN19: ALIMENTOS | AO19: =D50+L50+T50+AB50+AK50 -> 6162 | AP19: =AO20/AO19 -> 73.629179
B20: CTO BLANCO | D20: =SUM(C20:C20) -> 0 | E20: =D20*85 -> 0 | F20: 4 | G20: - | I20: 10 | J20: 20 | K20: 12 | L20: =SUM(F20:K20) -> 46 | M20: =L20*85 -> 3910 | P20: - | T20: =SUM(N20:S20) -> 0 | U20: =T20*85 -> 0 | W20: 2 | X20: 62 | Y20: - | AB20: =SUM(V20:AA20) -> 64 | AC20: =AB20*85 -> 5440 | AD20: 12 | AH20: 10 | AJ20: 13 | AK20: =SUM(AD20:AJ20) -> 35 | AL20: =AK20*85 -> 2975 | AN20: VALOR M. | AO20: =E50+M50+U50+AC50+AL50 -> 453703
B21: ENG BLANCO | D21: =SUM(C21:C21) -> 0 | E21: =D21*84 -> 0 | F21: 4 | G21: 10 | I21: - | J21: 20 | K21: 4 | L21: =SUM(F21:K21) -> 38 | M21: =L21*84 -> 3192 | N21: 10 | P21: - | T21: =SUM(N21:S21) -> 10 | U21: =T21*84 -> 840 | V21: 5 | X21: 47 | Y21: - | AB21: =SUM(V21:AA21) -> 52 | AC21: =AB21*84 -> 4368 | AD21: 25 | AH21: 10 | AJ21: 7 | AK21: =SUM(AD21:AJ21) -> 42 | AL21: =AK21*84 -> 3528
B22: INICIO BLANCO | D22: =SUM(C22:C22) -> 0 | E22: =D22*85 -> 0 | I22: - | K22: - | L22: =SUM(F22:K22) -> 0 | M22: =L22*85 -> 0 | P22: 80 | Q22: 8 | T22: =SUM(N22:S22) -> 88 | U22: =T22*85 -> 7480 | X22: 17 | Y22: - | AB22: =SUM(V22:AA22) -> 17 | AC22: =AB22*85 -> 1445 | AD22: 10 | AH22: 5 | AJ22: 3 | AK22: =SUM(AD22:AJ22) -> 18 | AL22: =AK22*85 -> 1530
B23: PRE BLANCO | D23: =SUM(C23:C23) -> 0 | E23: =D23*85 -> 0 | I23: - | K23: 4 | L23: =SUM(F23:K23) -> 4 | M23: =L23*85 -> 340 | N23: 4 | P23: 10 | T23: =SUM(N23:S23) -> 14 | U23: =T23*85 -> 1190 | W23: 2 | X23: 10 | Y23: - | AB23: =SUM(V23:AA23) -> 12 | AC23: =AB23*85 -> 1020 | AD23: 13 | AE23: 2 | AK23: =SUM(AD23:AJ23) -> 15 | AL23: =AK23*85 -> 1275
B24: CTO AMARILLO | D24: =SUM(C24:C24) -> 0 | E24: =D24*85 -> 0 | I24: 10 | K24: 10 | L24: =SUM(F24:K24) -> 20 | M24: =L24*85 -> 1700 | P24: 85 | T24: =SUM(N24:S24) -> 85 | U24: =T24*85 -> 7225 | X24: - | Y24: - | AB24: =SUM(V24:AA24) -> 0 | AC24: =AB24*85 -> 0 | AK24: =SUM(AD24:AJ24) -> 0 | AL24: =AK24*85 -> 0 | AN24: LINEA GALLO
B25: ENG AMARILLO | D25: =SUM(C25:C25) -> 0 | E25: =D25*84 -> 0 | I25: 20 | K25: 10 | L25: =SUM(F25:K25) -> 30 | M25: =L25*84 -> 2520 | P25: 165 | T25: =SUM(N25:S25) -> 165 | U25: =T25*84 -> 13860 | X25: - | Y25: 55 | AB25: =SUM(V25:AA25) -> 55 | AC25: =AB25*84 -> 4620 | AK25: =SUM(AD25:AJ25) -> 0 | AL25: =AK25*84 -> 0 | AN25: POLLON | AO25: =D13+L13+T13+AB13+AK13 -> 847
B26: INICIO AMARILLO | D26: =SUM(C26:C26) -> 0 | E26: =D26*85 -> 0 | L26: =SUM(F26:K26) -> 0 | M26: =L26*85 -> 0 | N26: 1 | P26: 5 | T26: =SUM(N26:S26) -> 6 | U26: =T26*85 -> 510 | W26: 2 | X26: - | AB26: =SUM(V26:AA26) -> 2 | AC26: =AB26*85 -> 170 | AE26: 1 | AK26: =SUM(AD26:AJ26) -> 1 | AL26: =AK26*85 -> 85 | AN26: POLLON CTO | AO26: =D14+L14+T14+AB14+AK14 -> 578
B27: PRE AMARILLO | D27: =SUM(C27:C27) -> 0 | E27: =D27*85 -> 0 | L27: =SUM(F27:K27) -> 0 | M27: =L27*85 -> 0 | P27: - | T27: =SUM(N27:S27) -> 0 | U27: =T27*85 -> 0 | X27: - | AB27: =SUM(V27:AA27) -> 0 | AC27: =AB27*85 -> 0 | AK27: =SUM(AD27:AJ27) -> 0 | AL27: =AK27*85 -> 0 | AN27: POLLON INICIO | AO27: =D15+L15+T15+AB15+AK15 -> 95
B28: CUY VITA | D28: =SUM(C28:C28) -> 0 | E28: =D28*75 -> 0 | L28: =SUM(F28:K28) -> 0 | M28: =L28*75 -> 0 | N28: 1 | P28: 35 | Q28: 10 | T28: =SUM(N28:S28) -> 46 | U28: =T28*75 -> 3450 | X28: 5 | Z28: 8 | AB28: =SUM(V28:AA28) -> 13 | AC28: =AB28*75 -> 975 | AK28: =SUM(AD28:AJ28) -> 0 | AL28: =AK28*75 -> 0 | AO28: =SUM(AO25:AO27) -> 1520
B29: CONEJO VITA | D29: =SUM(C29:C29) -> 0 | E29: =D29*75 -> 0 | L29: =SUM(F29:K29) -> 0 | M29: =L29*75 -> 0 | N29: 1 | P29: - | T29: =SUM(N29:S29) -> 1 | U29: =T29*75 -> 75 | X29: - | Z29: 10 | AB29: =SUM(V29:AA29) -> 10 | AC29: =AB29*75 -> 750 | AK29: =SUM(AD29:AJ29) -> 0 | AL29: =AK29*75 -> 0
B30: POSTURA | D30: =SUM(C30:C30) -> 0 | E30: =D30*78 -> 0 | F30: 1 | G30: 5 | H30: 10 | I30: 20 | J30: 20 | K30: 2 | L30: =SUM(F30:K30) -> 58 | M30: =L30*78 -> 4524 | N30: 7 | P30: 85 | S30: 6 | T30: =SUM(N30:S30) -> 98 | U30: =T30*78 -> 7644 | W30: 14 | X30: 10 | Y30: 3 | Z30: 10 | AB30: =SUM(V30:AA30) -> 37 | AC30: =AB30*78 -> 2886 | AD30: 30 | AE30: 6 | AF30: 15 | AK30: =SUM(AD30:AJ30) -> 51 | AL30: =AK30*78 -> 3978
B31: POSTURA ECO. | D31: =SUM(C31:C31) -> 0 | E31: =D31*70 -> 0 | L31: =SUM(F31:K31) -> 0 | M31: =L31*70 -> 0 | T31: =SUM(N31:S31) -> 0 | U31: =T31*70 -> 0 | X31: - | AB31: =SUM(V31:AA31) -> 0 | AC31: =AB31*70 -> 0 | AK31: =SUM(AD31:AJ31) -> 0 | AL31: =AK31*70 -> 0
B32: ROJO PROVINCIA | D32: =SUM(C32:C32) -> 0 | E32: =D32*60 -> 0 | L32: =SUM(F32:K32) -> 0 | M32: =L32*60 -> 0 | T32: =SUM(N32:S32) -> 0 | U32: =T32*60 -> 0 | X32: - | AB32: =SUM(V32:AA32) -> 0 | AC32: =AB32*60 -> 0 | AK32: =SUM(AD32:AJ32) -> 0 | AL32: =AK32*60 -> 0
B33: VERDE PROVINCIA | D33: =SUM(C33:C33) -> 0 | E33: =D33*60 -> 0 | L33: =SUM(F33:K33) -> 0 | M33: =L33*60 -> 0 | T33: =SUM(N33:S33) -> 0 | U33: =T33*60 -> 0 | X33: - | AB33: =SUM(V33:AA33) -> 0 | AC33: =AB33*60 -> 0 | AK33: =SUM(AD33:AJ33) -> 0 | AL33: =AK33*60 -> 0
B34: ENG SIMPLE | D34: =SUM(C34:C34) -> 0 | E34: =D34*40 -> 0 | L34: =SUM(F34:K34) -> 0 | M34: =L34*40 -> 0 | R34: 50 | S34: 10 | T34: =SUM(N34:S34) -> 60 | U34: =T34*40 -> 2400 | X34: - | AB34: =SUM(V34:AA34) -> 0 | AC34: =AB34*40 -> 0 | AK34: =SUM(AD34:AJ34) -> 0 | AL34: =AK34*40 -> 0
B35: CTO SIMPLE | D35: =SUM(C35:C35) -> 0 | E35: =D35*40 -> 0 | I35: 12 | J35: 2 | L35: =SUM(F35:K35) -> 14 | M35: =L35*40 -> 560 | O35: 70 | Q35: 20 | R35: 50 | S35: 32 | T35: =SUM(N35:S35) -> 172 | U35: =T35*40 -> 6880 | X35: - | Y35: 10 | AB35: =SUM(V35:AA35) -> 10 | AC35: =AB35*40 -> 400 | AD35: 28 | AE35: 1 | AF35: 20 | AG35: 15 | AH35: 15 | AK35: =SUM(AD35:AJ35) -> 79 | AL35: =AK35*40 -> 3160
B36: GRANJA X 40 KG | D36: =SUM(C36:C36) -> 0 | E36: =D36*76 -> 0 | L36: =SUM(F36:K36) -> 0 | M36: =L36*76 -> 0 | N36: 10 | T36: =SUM(N36:S36) -> 10 | U36: =T36*76 -> 760 | X36: 61 | AB36: =SUM(V36:AA36) -> 61 | AC36: =AB36*76 -> 4636 | AD36: 30 | AK36: =SUM(AD36:AJ36) -> 30 | AL36: =AK36*76 -> 2280
B37: GRANJA X 50 KG | D37: =SUM(C37:C37) -> 0 | E37: =D37*90 -> 0 | L37: =SUM(F37:K37) -> 0 | M37: =L37*90 -> 0 | T37: =SUM(N37:S37) -> 0 | U37: =T37*90 -> 0 | X37: - | AB37: =SUM(V37:AA37) -> 0 | AC37: =AB37*90 -> 0 | AK37: =SUM(AD37:AJ37) -> 0 | AL37: =AK37*90 -> 0
B38: CTO CON. POLLO | D38: =SUM(C38:C38) -> 0 | E38: =D38*91 -> 0 | L38: =SUM(F38:K38) -> 0 | M38: =L38*91 -> 0 | T38: =SUM(N38:S38) -> 0 | U38: =T38*91 -> 0 | X38: - | AB38: =SUM(V38:AA38) -> 0 | AC38: =AB38*91 -> 0 | AK38: =SUM(AD38:AJ38) -> 0 | AL38: =AK38*91 -> 0
B39: ENG CON. POLLO | D39: =SUM(C39:C39) -> 0 | E39: =D39*90 -> 0 | L39: =SUM(F39:K39) -> 0 | M39: =L39*90 -> 0 | T39: =SUM(N39:S39) -> 0 | U39: =T39*90 -> 0 | X39: - | AB39: =SUM(V39:AA39) -> 0 | AC39: =AB39*90 -> 0 | AK39: =SUM(AD39:AJ39) -> 0 | AL39: =AK39*90 -> 0
B40: CERDO MANTTO | D40: =SUM(C40:C40) -> 0 | E40: =D40*76 -> 0 | L40: =SUM(F40:K40) -> 0 | M40: =L40*76 -> 0 | T40: =SUM(N40:S40) -> 0 | U40: =T40*76 -> 0 | X40: - | AB40: =SUM(V40:AA40) -> 0 | AC40: =AB40*76 -> 0 | AK40: =SUM(AD40:AJ40) -> 0 | AL40: =AK40*76 -> 0
B41: CTO CERDO | D41: =SUM(C41:C41) -> 0 | E41: =D41*100 -> 0 | L41: =SUM(F41:K41) -> 0 | M41: =L41*100 -> 0 | N41: 11 | T41: =SUM(N41:S41) -> 11 | U41: =T41*100 -> 1100 | X41: - | AB41: =SUM(V41:AA41) -> 0 | AC41: =AB41*100 -> 0 | AD41: 17 | AK41: =SUM(AD41:AJ41) -> 17 | AL41: =AK41*100 -> 1700
B42: ENG CERDO | D42: =SUM(C42:C42) -> 0 | E42: =D42*100 -> 0 | L42: =SUM(F42:K42) -> 0 | M42: =L42*100 -> 0 | T42: =SUM(N42:S42) -> 0 | U42: =T42*100 -> 0 | X42: - | AB42: =SUM(V42:AA42) -> 0 | AC42: =AB42*100 -> 0 | AD42: 12 | AK42: =SUM(AD42:AJ42) -> 12 | AL42: =AK42*100 -> 1200
B43: POSTURA POLVO | D43: =SUM(C43:C43) -> 0 | E43: =D43*78 -> 0 | L43: =SUM(F43:K43) -> 0 | M43: =L43*78 -> 0 | T43: =SUM(N43:S43) -> 0 | U43: =T43*78 -> 0 | X43: - | AB43: =SUM(V43:AA43) -> 0 | AC43: =AB43*78 -> 0 | AK43: =SUM(AD43:AJ43) -> 0 | AL43: =AK43*78 -> 0
B44: VITAOVO ANA | D44: =SUM(C44:C44) -> 0 | E44: =D44*94 -> 0 | I44: 100 | L44: =SUM(F44:K44) -> 100 | M44: =L44*94 -> 9400 | N44: 20 | O44: 3 | R44: 50 | T44: =SUM(N44:S44) -> 73 | U44: =T44*94 -> 6862 | W44: 60 | X44: - | AB44: =SUM(V44:AA44) -> 60 | AC44: =AB44*96 -> 5760 | AE44: 101 | AJ44: 13 | AK44: =SUM(AD44:AJ44) -> 114 | AL44: =AK44*100 -> 11400
B45: VITAOVO CARNE | C45: 14 | D45: =SUM(C45:C45) -> 14 | E45: =D45*96 -> 1344 | G45: 24 | K45: 40 | L45: =SUM(F45:K45) -> 64 | M45: =L45*96 -> 6144 | T45: =SUM(N45:S45) -> 0 | U45: =T45*96 -> 0 | X45: - | Y45: 103 | Z45: 25 | AB45: =SUM(V45:AA45) -> 128 | AC45: =AB45*98 -> 12544 | AH45: 80 | AK45: =SUM(AD45:AJ45) -> 80 | AL45: =AK45*102 -> 8160
B46: VITAOVO SIMPLE | D46: =SUM(C46:C46) -> 0 | E46: =D46*94 -> 0 | F46: 4 | G46: 20 | L46: =SUM(F46:K46) -> 24 | M46: =L46*94 -> 2256 | N46: 21 | Q46: 6 | R46: 30 | S46: 10 | T46: =SUM(N46:S46) -> 67 | U46: =T46*94 -> 6298 | W46: 7 | X46: - | Y46: 35 | AB46: =SUM(V46:AA46) -> 42 | AC46: =AB46*96 -> 4032 | AE46: 28 | AG46: 20 | AJ46: 7 | AK46: =SUM(AD46:AJ46) -> 55 | AL46: =AK46*100 -> 5500
B47: AFRECHO | C47: 20 | D47: =SUM(C47:C47) -> 20 | E47: =D47*45 -> 900 | F47: 9 | G47: 6 | H47: 10 | I47: 30 | K47: 20 | L47: =SUM(F47:K47) -> 75 | M47: =L47*45 -> 3375 | N47: 20 | O47: 91 | Q47: 10 | S47: 24 | T47: =SUM(N47:S47) -> 145 | U47: =T47*45 -> 6525 | V47: 20 | W47: 32 | Y47: 61 | Z47: 20 | AA47: 12 | AB47: =SUM(V47:AA47) -> 145 | AC47: =AB47*45 -> 6525 | AD47: 10 | AE47: 50 | AG47: 30 | AH47: 10 | AJ47: 32 | AK47: =SUM(AD47:AJ47) -> 132 | AL47: =AK47*45 -> 5940
D48: =SUM(D20:D43) -> 0 | E48: =SUM(E20:E43) -> 0 | L48: =SUM(L20:L43) -> 210 | M48: =SUM(M20:M43) -> 16746 | T48: =SUM(T20:T43) -> 766 | U48: =SUM(U20:U43) -> 53414 | AB48: =SUM(AB20:AB43) -> 333 | AC48: =SUM(AC20:AC43) -> 26710 | AK48: =SUM(AK20:AK43) -> 300 | AL48: =SUM(AL20:AL43) -> 21711 | AN48: VITAOVO | AO48: =D51+L51+T51+AB51+AK51 -> 821 | AP48: =AO49/AO48 -> 97.076736
AN49: VALOR M. | AO49: =E51+M51+AC51+U51+AL51 -> 79700
B50: ALIMENTO | D50: =D48+D19 -> 76 | E50: =E48+E19 -> 5865 | F50: =E50/D50 -> 77.171053 | K50: TOTAL | L50: =L48+L19 -> 1382 | M50: =M48+M19 -> 100178 | N50: =M50/L50 -> 72.487699 | T50: =T48+T19 -> 1733 | U50: =U48+U19 -> 126069 | V50: =U50/T50 -> 72.746105 | AB50: =AB48+AB19 -> 1265 | AC50: =AC48+AC19 -> 94932 | AD50: =AC50/AB50 -> 75.045059 | AK50: =AK48+AK19 -> 1706 | AL50: =AL48+AL19 -> 126659
B51: VITAOVO | D51: =SUM(D44:D46) -> 14 | E51: =SUM(E44:E46) -> 1344 | L51: =SUM(L44:L46) -> 188 | M51: =SUM(M44:M46) -> 17800 | T51: =SUM(T44:T46) -> 140 | U51: =SUM(U44:U46) -> 13160 | AB51: =SUM(AB44:AB46) -> 230 | AC51: =SUM(AC44:AC46) -> 22336 | AK51: =SUM(AK44:AK46) -> 249 | AL51: =SUM(AL44:AL46) -> 25060 | AN51: AFRECHO | AO51: =D52+L52+AB52+T52+AK52 -> 517 | AP51: =AO52/AO51 -> 45
B52: AFRECHO | D52: =D47 -> 20 | E52: =E47 -> 900 | L52: =L47 -> 75 | M52: =M47 -> 3375 | T52: =T47 -> 145 | U52: =U47 -> 6525 | AB52: =AB47 -> 145 | AC52: =AC47 -> 6525 | AK52: =AK47 -> 132 | AL52: =AL47 -> 5940 | AN52: VALOR M. | AO52: =E52+AC52+U52+M52+AL52 -> 23265
B55: ALIMENTO | C55: 45717 | D55: TOTAL | E55: MONTO | F55: 45719 | G55: 45720 | H55: 45721 | I55: 45722 | J55: 45723 | K55: 45724 | L55: TOTAL | M55: MONTO | N55: 45726 | O55: 45727 | P55: 45728 | Q55: 45729 | R55: 45730 | S55: 45731 | T55: TOTAL | U55: MONTO | V55: 45733 | W55: 45734 | X55: 45735 | Y55: 45736 | Z55: 45737 | AA55: 45738 | AB55: TOTAL | AC55: MONTO | AD55: 45740 | AE55: 45741 | AF55: 45742 | AG55: 45743 | AH55: 45744 | AI55: 45745 | AJ55: 45745 | AK55: TOTAL | AL55: MONTO
B56: MAIZ PARTIDO | C56: 150 | D56: =SUM(C56:C56) -> 150 | E56: =D56*96 -> 14400 | F56: 88 | G56: 99 | H56: 246 | I56: 255 | J56: 60 | K56: 423 | L56: =SUM(F56:K56) -> 1171 | M56: =L56*96 -> 112416 | N56: 278 | O56: 66 | P56: 115 | Q56: 234 | R56: 200 | S56: 193 | T56: =SUM(N56:S56) -> 1086 | U56: =T56*96 -> 104256 | V56: 140 | W56: 138 | X56: 50 | Y56: 229 | Z56: 100 | AA56: 110 | AB56: =SUM(V56:AA56) -> 767 | AC56: =AB56*98 -> 75166 | AD56: 280 | AE56: 227 | AF56: - | AG56: 150 | AH56: 205 | AI56: 30 | AJ56: 218 | AK56: =SUM(AD56:AJ56) -> 1110 | AL56: =AK56*102 -> 113220
B57: MAIZ ENTERO | C57: 150 | D57: =SUM(C57:C57) -> 150 | E57: =D57*94 -> 14100 | F57: 86 | G57: 187 | H57: 211 | I57: 81 | J57: 155 | K57: 145 | L57: =SUM(F57:K57) -> 865 | M57: =L57*94 -> 81310 | N57: 182 | O57: 74 | P57: 190 | Q57: 170 | R57: 270 | S57: 73 | T57: =SUM(N57:S57) -> 959 | U57: =T57*94 -> 90146 | V57: 100 | W57: 171 | X57: 50 | Y57: 158 | Z57: 110 | AA57: 105 | AB57: =SUM(V57:AA57) -> 694 | AC57: =AB57*96 -> 66624 | AD57: 190 | AE57: 205 | AF57: - | AG57: 125 | AH57: 190 | AI57: 30 | AJ57: 209 | AK57: =SUM(AD57:AJ57) -> 949 | AL57: =AK57*100 -> 94900
B58: MAIZ REFINADO | C58: 30 | D58: =SUM(C58:C58) -> 30 | E58: =D58*96 -> 2880 | G58: 21 | H58: 16 | I58: 125 | J58: 20 | K58: 63 | L58: =SUM(F58:K58) -> 245 | M58: =L58*96 -> 23520 | N58: 27 | O58: 72 | P58: 25 | Q58: 30 | R58: 50 | S58: 41 | T58: =SUM(N58:S58) -> 245 | U58: =T58*96 -> 23520 | V58: 45 | W58: 34 | X58: 7 | Y58: 77 | Z58: 35 | AA58: 26 | AB58: =SUM(V58:AA58) -> 224 | AC58: =AB58*98 -> 21952 | AD58: 40 | AE58: 51 | AF58: - | AG58: 29 | AH58: 66 | AI58: 7 | AJ58: 46 | AK58: =SUM(AD58:AJ58) -> 239 | AL58: =AK58*102 -> 24378 | AN58: MAIZ | AO58: =D64+L64+T64+AB64+AK64 -> 9328 | AP58: =AO59/AO58 -> 96.354953
B59: MAIZ INTEGRAL | D59: =SUM(C59:C59) -> 0 | E59: =D59*80 -> 0 | F59: 3 | G59: 1 | H59: 2 | I59: - | J59: 5 | K59: 2 | L59: =SUM(F59:K59) -> 13 | M59: =L59*80 -> 1040 | N59: 3 | O59: 180 | S59: 40 | T59: =SUM(N59:S59) -> 223 | U59: =T59*80 -> 17840 | V59: 100 | W59: 2 | Y59: - | Z59: 80 | AA59: 1 | AB59: =SUM(V59:AA59) -> 183 | AC59: =AB59*82 -> 15006 | AD59: 5 | AE59: 2 | AF59: - | AG59: 6 | AH59: 9 | AI59: 3 | AK59: =SUM(AD59:AJ59) -> 25 | AL59: =AK59*85 -> 2125 | AN59: VALOR M. | AO59: =E64+M64+U64+AC64+AL64 -> 898799
B60: TRIGO | C60: 52 | D60: =SUM(C60:C60) -> 52 | E60: =D60*100 -> 5200 | F60: 2 | G60: 14 | H60: 60 | I60: 85 | J60: 2 | K60: 35 | L60: =SUM(F60:K60) -> 198 | M60: =L60*100 -> 19800 | N60: 34 | O60: 53 | Q60: 50 | R60: 200 | S60: 28 | T60: =SUM(N60:S60) -> 365 | U60: =T60*100 -> 36500 | W60: 233 | X60: 20 | Y60: 23 | Z60: 95 | AA60: 33 | AB60: =SUM(V60:AA60) -> 404 | AC60: =AB60*100 -> 40400 | AD60: 90 | AE60: 36 | AF60: 80 | AH60: 50 | AJ60: 3 | AK60: =SUM(AD60:AJ60) -> 259 | AL60: =AK60*100 -> 25900
B61: SOYA | D61: =SUM(C61:C61) -> 0 | E61: =D61*98 -> 0 | H61: 2 | L61: =SUM(F61:K61) -> 2 | M61: =L61*98 -> 196 | O61: 30 | T61: =SUM(N61:S61) -> 30 | U61: =T61*98 -> 2940 | V61: 60 | AB61: =SUM(V61:AA61) -> 60 | AC61: =AB61*98 -> 5880 | AD61: 5 | AK61: =SUM(AD61:AJ61) -> 5 | AL61: =AK61*110 -> 550 | AN61: TRIGO | AO61: =D60+L60+T60+AB60+AK60 -> 1278 | AP61: =AO62/AO61 -> 100
D62: =SUM(D56:D61) -> 382 | E62: =SUM(E56:E61) -> 36580 | L62: =SUM(L56:L61) -> 2494 | M62: =SUM(M56:M61) -> 238282 | T62: =SUM(T56:T61) -> 2908 | U62: =SUM(U56:U61) -> 275202 | AB62: =SUM(AB56:AB61) -> 2332 | AC62: =SUM(AC56:AC61) -> 225028 | AK62: =SUM(AK56:AK61) -> 2587 | AL62: =SUM(AL56:AL61) -> 261073 | AN62: VALOR M. | AO62: =E60+M60+U60+AC60+AL60 -> 127800
C64: TOTAL MAIZ | D64: =D56+D57+D58+D59 -> 330 | E64: =E56+E57+E58+E59 -> 31380 | L64: =L56+L57+L58+L59 -> 2294 | M64: =M56+M57+M58+M59 -> 218286 | T64: =T56+T57+T58+T59 -> 2513 | U64: =U56+U57+U58+U59 -> 235762 | AB64: =AB56+AB57+AB58+AB59 -> 1868 | AC64: =AC56+AC57+AC58+AC59 -> 178748 | AK64: =AK56+AK57+AK58+AK59 -> 2323 | AL64: =AL56+AL57+AL58+AL59 -> 234623
AN66: VENTA TOTAL | AO66: =AO62+AO59+AO20 -> 1480302
M1964: 30…0.

Sheet ABRIL
B3: ALIMENTO | C3: 45748 | D3: 45749 | E3: 45750 | F3: 45751 | G3: 45752 | H3: SUB TOTAL | I3: MONTO | J3: 45754 | K3: 45755 | L3: 45756 | M3: 45757 | N3: 45758 | O3: 45759 | P3: SUB TOTAL | Q3: MONTO | R3: 45761 | S3: 45762 | T3: 45763 | U3: 45764 | V3: 45765 | W3: 45766 | X3: SUB TOTAL | Y3: MONTO | Z3: 45768 | AA3: 45769 | AB3: 45770 | AC3: 45771 | AD3: 45772 | AE3: 45773 | AF3: SUB TOTAL | AG3: MONTO | AH3: 45775 | AI3: 45776 | AJ3: 45777 | AK3: SUB TOTAL | AL3: MONTO | AS3: MES : ABRIL
B4: ENG CARNE | C4: 39 | D4: 25 | E4: 82 | F4: 28 | H4: =SUM(C4:G4) -> 174 | I4: =H4*60 -> 10440 | J4: 21 | K4: 97 | M4: 15 | N4: 68 | O4: 26 | P4: =SUM(J4:O4) -> 227 | Q4: =P4*60 -> 13620 | R4: 34 | S4: 51 | T4: 75 | X4: =SUM(R4:W4) -> 160 | Y4: =X4*60 -> 9600 | Z4: 10 | AA4: 22 | AB4: 23 | AC4: 30 | AD4: 62 | AE4: 24 | AF4: =SUM(Z4:AE4) -> 171 | AG4: =AF4*60 -> 10260 | AH4: 50 | AI4: 86 | AJ4: 40 | AK4: =SUM(AH4:AJ4) -> 176 | AL4: =AK4*60 -> 10560 | AS4: ALIMENTOS | AT4: =AO19 -> 6159
B5: CTO CARNE | C5: 23 | D5: 25 | E5: 48 | F5: 42 | G5: 20 | H5: =SUM(C5:G5) -> 158 | I5: =H5*60 -> 9480 | J5: 18 | K5: 77 | M5: 15 | N5: 51 | O5: 30 | P5: =SUM(J5:O5) -> 191 | Q5: =P5*60 -> 11460 | R5: 47 | S5: 71 | T5: 25 | X5: =SUM(R5:W5) -> 143 | Y5: =X5*60 -> 8580 | Z5: 14 | AA5: 3 | AB5: 17 | AC5: 35 | AD5: 66 | AE5: 69 | AF5: =SUM(Z5:AE5) -> 204 | AG5: =AF5*60 -> 12240 | AH5: 70 | AI5: 74 | AJ5: 10 | AK5: =SUM(AH5:AJ5) -> 154 | AL5: =AK5*60 -> 9240 | AS5: VALOR M. | AT5: =AO20 -> 448242
B6: INICIO CARNE | C6: 1 | D6: 1 | E6: 12 | F6: 5 | G6: 5 | H6: =SUM(C6:G6) -> 24 | I6: =H6*61 -> 1464 | J6: 2 | K6: 5 | L6: 6 | M6: - | O6: 5 | P6: =SUM(J6:O6) -> 18 | Q6: =P6*61 -> 1098 | R6: 10 | S6: 15 | T6: 37 | U6: 2 | X6: =SUM(R6:W6) -> 64 | Y6: =X6*61 -> 3904 | Z6: 1 | AA6: 25 | AB6: 10 | AC6: 10 | AD6: 16 | AE6: 40 | AF6: =SUM(Z6:AE6) -> 102 | AG6: =AF6*61 -> 6222 | AH6: 1 | AI6: 9 | AJ6: 15 | AK6: =SUM(AH6:AJ6) -> 25 | AL6: =AK6*61 -> 1525 | AS6: VITAOVO | AT6: =AO48 -> 984
B7: CONEJO | C7: 23 | D7: 16 | E7: 60 | F7: 5 | G7: - | H7: =SUM(C7:G7) -> 104 | I7: =H7*60 -> 6240 | J7: - | K7: 10 | M7: 10 | N7: 25 | O7: 5 | P7: =SUM(J7:O7) -> 50 | Q7: =P7*60 -> 3000 | R7: - | S7: 5 | T7: 32 | X7: =SUM(R7:W7) -> 37 | Y7: =X7*60 -> 2220 | Z7: 20 | AA7: 11 | AB7: 1 | AC7: 10 | AD7: 31 | AE7: - | AF7: =SUM(Z7:AE7) -> 73 | AG7: =AF7*60 -> 4380 | AI7: 10 | AJ7: - | AK7: =SUM(AH7:AJ7) -> 10 | AL7: =AK7*60 -> 600 | AS7: VALOR M. | AT7: =AO49 -> 98126
B8: CUY | C8: 9 | D8: 16 | E8: 40 | F8: - | G8: 5 | H8: =SUM(C8:G8) -> 70 | I8: =H8*60 -> 4200 | J8: 1 | K8: - | N8: 50 | O8: 10 | P8: =SUM(J8:O8) -> 61 | Q8: =P8*60 -> 3660 | R8: 9 | S8: 10 | T8: 10 | X8: =SUM(R8:W8) -> 29 | Y8: =X8*60 -> 1740 | Z8: 12 | AA8: 26 | AB8: 3 | AC8: 10 | AD8: 70 | AE8: 25 | AF8: =SUM(Z8:AE8) -> 146 | AG8: =AF8*60 -> 8760 | AI8: 9 | AJ8: - | AK8: =SUM(AH8:AJ8) -> 9 | AL8: =AK8*60 -> 540 | AS8: AFRECHO | AT8: =AO51 -> 586
B9: CON POLLO | C9: 11 | D9: 6 | E9: - | F9: 13 | G9: 11 | H9: =SUM(C9:G9) -> 41 | I9: =H9*60 -> 2460 | J9: 21 | K9: 10 | M9: 6 | N9: 30 | P9: =SUM(J9:O9) -> 67 | Q9: =P9*60 -> 4020 | R9: 5 | S9: 23 | T9: 11 | X9: =SUM(R9:W9) -> 39 | Y9: =X9*60 -> 2340 | Z9: 2 | AB9: 5 | AC9: 11 | AD9: 16 | AE9: 1 | AF9: =SUM(Z9:AE9) -> 35 | AG9: =AF9*60 -> 2100 | AI9: 22 | AJ9: - | AK9: =SUM(AH9:AJ9) -> 22 | AL9: =AK9*60 -> 1320 | AS9: VALOR M. | AT9: =AO52 -> 27685
B10: CON CUY | C10: 3 | D10: 15 | E10: - | F10: 10 | G10: 10 | H10: =SUM(C10:G10) -> 38 | I10: =H10*60 -> 2280 | J10: 10 | K10: 18 | N10: 22 | O10: 7 | P10: =SUM(J10:O10) -> 57 | Q10: =P10*60 -> 3420 | R10: 1 | S10: 17 | T10: - | X10: =SUM(R10:W10) -> 18 | Y10: =X10*60 -> 1080 | Z10: 1 | AA10: 15 | AB10: 12 | AC10: - | AD10: 16 | AE10: 4 | AF10: =SUM(Z10:AE10) -> 48 | AG10: =AF10*60 -> 2880 | AI10: 19 | AJ10: 5 | AK10: =SUM(AH10:AJ10) -> 24 | AL10: =AK10*60 -> 1440 | AS10: MAIZ | AT10: =AO58 -> 10429
B11: VERDE | C11: 3 | D11: 1 | E11: 10 | F11: 11 | H11: =SUM(C11:G11) -> 25 | I11: =H11*65 -> 1625 | J11: - | K11: 1 | M11: 1 | N11: 1 | P11: =SUM(J11:O11) -> 3 | Q11: =P11*65 -> 195 | R11: 4 | S11: 1 | T11: 12 | X11: =SUM(R11:W11) -> 17 | Y11: =X11*65 -> 1105 | AA11: 8 | AB11: 17 | AC11: 6 | AD11: - | AE11: - | AF11: =SUM(Z11:AE11) -> 31 | AG11: =AF11*65 -> 2015 | AH11: 1 | AI11: 1 | AJ11: 1 | AK11: =SUM(AH11:AJ11) -> 3 | AL11: =AK11*65 -> 195 | AS11: VALOR M. | AT11: =AO59 -> 1029438
B12: ROJO | C12: 1 | D12: - | E12: - | F12: 1 | H12: =SUM(C12:G12) -> 2 | I12: =H12*65 -> 130 | J12: - | K12: - | M12: 1 | N12: 3 | P12: =SUM(J12:O12) -> 4 | Q12: =P12*65 -> 260 | R12: - | S12: 1 | T12: 10 | X12: =SUM(R12:W12) -> 11 | Y12: =X12*65 -> 715 | Z12: 2 | AA12: 5 | AB12: 16 | AC12: 9 | AD12: - | AE12: - | AF12: =SUM(Z12:AE12) -> 32 | AG12: =AF12*65 -> 2080 | AI12: - | AJ12: - | AK12: =SUM(AH12:AJ12) -> 0 | AL12: =AK12*65 -> 0 | AS12: TRIGO | AT12: =AO61 -> 982
B13: POLLON | C13: 2 | D13: 10 | E13: 45 | F13: 23 | G13: 5 | H13: =SUM(C13:G13) -> 85 | I13: =H13*95 -> 8075 | J13: 58 | K13: 47 | N13: 41 | O13: 20 | P13: =SUM(J13:O13) -> 166 | Q13: =P13*95 -> 15770 | R13: 35 | S13: 40 | T13: 18 | U13: 10 | X13: =SUM(R13:W13) -> 103 | Y13: =X13*95 -> 9785 | Z13: 41 | AA13: 15 | AB13: 118 | AC13: 45 | AD13: 81 | AE13: 60 | AF13: =SUM(Z13:AE13) -> 360 | AG13: =AF13*95 -> 34200 | AH13: 7 | AI13: 6 | AJ13: 30 | AK13: =SUM(AH13:AJ13) -> 43 | AL13: =AK13*95 -> 4085 | AS13: VALOR M. | AT13: =AO62 -> 98200
B14: CTO POLLON | C14: 5 | D14: 15 | E14: 20 | F14: 10 | G14: 40 | H14: =SUM(C14:G14) -> 90 | I14: =H14*105 -> 9450 | J14: 61 | K14: 35 | N14: 47 | O14: 18 | P14: =SUM(J14:O14) -> 161 | Q14: =P14*105 -> 16905 | R14: 21 | S14: 34 | T14: 15 | X14: =SUM(R14:W14) -> 70 | Y14: =X14*105 -> 7350 | Z14: 39 | AA14: 16 | AB14: 58 | AC14: 20 | AD14: 50 | AE14: 30 | AF14: =SUM(Z14:AE14) -> 213 | AG14: =AF14*105 -> 22365 | AH14: 1 | AI14: 27 | AJ14: 10 | AK14: =SUM(AH14:AJ14) -> 38 | AL14: =AK14*105 -> 3990
B15: INICIO POLLON | C15: 5 | D15: 4 | E15: 5 | F15: 10 | H15: =SUM(C15:G15) -> 24 | I15: =H15*110 -> 2640 | J15: 10 | K15: 11 | N15: 5 | O15: 5 | P15: =SUM(J15:O15) -> 31 | Q15: =P15*110 -> 3410 | S15: 5 | T15: 1 | X15: =SUM(R15:W15) -> 6 | Y15: =X15*110 -> 660 | Z15: 7 | AB15: 15 | AC15: 2 | AD15: 10 | AE15: - | AF15: =SUM(Z15:AE15) -> 34 | AG15: =AF15*110 -> 3740 | AI15: 1 | AK15: =SUM(AH15:AJ15) -> 1 | AL15: =AK15*110 -> 110 | AS15: MAIZ B12 | AT15: 352650
B16: DORIMICYN | E16: 3 | F16: 5 | H16: =SUM(C16:G16) -> 8 | I16: =H16*70 -> 560 | K16: - | N16: 38 | O16: 3 | P16: =SUM(J16:O16) -> 41 | Q16: =P16*70 -> 2870 | R16: 1 | S16: - | X16: =SUM(R16:W16) -> 1 | Y16: =X16*70 -> 70 | AA16: 24 | AD16: 15 | AE16: 1 | AF16: =SUM(Z16:AE16) -> 40 | AG16: =AF16*70 -> 2800 | AI16: 3 | AK16: =SUM(AH16:AJ16) -> 3 | AL16: =AK16*70 -> 210
B17: CTO SIMPLE | E17: - | H17: =SUM(C17:G17) -> 0 | I17: =H17*0 -> 0 | N17: - | P17: =SUM(J17:O17) -> 0 | Q17: =P17*0 -> 0 | S17: - | X17: =SUM(R17:W17) -> 0 | Y17: =X17*0 -> 0 | AE17: - | AF17: =SUM(Z17:AE17) -> 0 | AG17: =AF17*0 -> 0 | AK17: =SUM(AH17:AJ17) -> 0 | AL17: =AK17*0 -> 0
B18: CTO ANA | E18: - | H18: =SUM(C18:G18) -> 0 | I18: =H18*0 -> 0 | L18: 96 | N18: - | O18: - | P18: =SUM(J18:O18) -> 96 | Q18: =P18*0 -> 0 | S18: - | U18: - | X18: =SUM(R18:W18) -> 0 | Y18: =X18*0 -> 0 | Z18: - | AC18: - | AD18: - | AE18: - | AF18: =SUM(Z18:AE18) -> 0 | AG18: =AF18*0 -> 0 | AH18: - | AI18: - | AK18: =SUM(AH18:AJ18) -> 0 | AL18: =AK18*0 -> 0
H19: =SUM(H4:H16) -> 843 | I19: =SUM(I4:I16) -> 59044 | P19: =SUM(P4:P16) -> 1077 | Q19: =SUM(Q4:Q16) -> 79688 | X19: =SUM(X4:X16) -> 698 | Y19: =SUM(Y4:Y16) -> 49149 | AF19: =SUM(AF4:AF16) -> 1489 | AG19: =SUM(AG4:AG16) -> 114042 | AK19: =SUM(AK4:AK16) -> 508 | AL19: =SUM(AL4:AL16) -> 33815 | AN19: ALIMENTOS | AO19: =H50+P50+X50+AF50+AK50 -> 6159 | AP19: =AO20/AO19 -> 72.778373
B20: CTO BLANCO | E20: 30 | F20: 10 | H20: =SUM(C20:G20) -> 40 | I20: =H20*85 -> 3400 | J20: 5 | K20: 10 | N20: 60 | P20: =SUM(J20:O20) -> 75 | Q20: =P20*85 -> 6375 | R20: 5 | U20: 10 | X20: =SUM(R20:W20) -> 15 | Y20: =X20*85 -> 1275 | AA20: - | AB20: 4 | AD20: 40 | AE20: 40 | AF20: =SUM(Z20:AE20) -> 84 | AG20: =AF20*85 -> 7140 | AH20: 4 | AI20: 3 | AJ20: - | AK20: =SUM(AH20:AJ20) -> 7 | AL20: =AK20*85 -> 595 | AN20: VALOR M. | AO20: =I50+Q50+Y50+AG50+AL50 -> 448242
B21: ENG BLANCO | E21: 31 | F21: 10 | H21: =SUM(C21:G21) -> 41 | I21: =H21*84 -> 3444 | J21: 5 | K21: 10 | N21: 80 | P21: =SUM(J21:O21) -> 95 | Q21: =P21*84 -> 7980 | X21: =SUM(R21:W21) -> 0 | Y21: =X21*84 -> 0 | AA21: 15 | AB21: 5 | AC21: 2 | AD21: 40 | AE21: 70 | AF21: =SUM(Z21:AE21) -> 132 | AG21: =AF21*84 -> 11088 | AH21: 4 | AI21: 1 | AJ21: 10 | AK21: =SUM(AH21:AJ21) -> 15 | AL21: =AK21*84 -> 1260
B22: INICIO BLANCO | F22: - | H22: =SUM(C22:G22) -> 0 | I22: =H22*85 -> 0 | K22: 10 | N22: 6 | P22: =SUM(J22:O22) -> 16 | Q22: =P22*85 -> 1360 | X22: =SUM(R22:W22) -> 0 | Y22: =X22*85 -> 0 | AA22: 10 | AD22: 25 | AE22: 5 | AF22: =SUM(Z22:AE22) -> 40 | AG22: =AF22*85 -> 3400 | AJ22: 6 | AK22: =SUM(AH22:AJ22) -> 6 | AL22: =AK22*85 -> 510
B23: PRE BLANCO | E23: 10 | F23: - | H23: =SUM(C23:G23) -> 10 | I23: =H23*85 -> 850 | N23: 10 | P23: =SUM(J23:O23) -> 10 | Q23: =P23*85 -> 850 | R23: 1 | X23: =SUM(R23:W23) -> 1 | Y23: =X23*85 -> 85 | Z23: 9 | AB23: 3 | AD23: 20 | AE23: 4 | AF23: =SUM(Z23:AE23) -> 36 | AG23: =AF23*85 -> 3060 | AI23: 2 | AK23: =SUM(AH23:AJ23) -> 2 | AL23: =AK23*85 -> 170
B24: CTO AMARILLO | F24: - | H24: =SUM(C24:G24) -> 0 | I24: =H24*85 -> 0 | N24: 20 | P24: =SUM(J24:O24) -> 20 | Q24: =P24*85 -> 1700 | T24: 10 | X24: =SUM(R24:W24) -> 10 | Y24: =X24*85 -> 850 | AA24: 15 | AD24: - | AE24: - | AF24: =SUM(Z24:AE24) -> 15 | AG24: =AF24*85 -> 1275 | AK24: =SUM(AH24:AJ24) -> 0 | AL24: =AK24*85 -> 0 | AN24: LINEA GALLO
B25: ENG AMARILLO | F25: - | H25: =SUM(C25:G25) -> 0 | I25: =H25*84 -> 0 | L25: 9 | N25: 20 | P25: =SUM(J25:O25) -> 29 | Q25: =P25*84 -> 2436 | T25: 30 | X25: =SUM(R25:W25) -> 30 | Y25: =X25*84 -> 2520 | Z25: 5 | AA25: 25 | AD25: - | AF25: =SUM(Z25:AE25) -> 30 | AG25: =AF25*84 -> 2520 | AK25: =SUM(AH25:AJ25) -> 0 | AL25: =AK25*84 -> 0 | AN25: POLLON | AO25: =H13+P13+X13+AF13+AK13 -> 757
B26: INICIO AMARILLO | C26: 1 | F26: - | H26: =SUM(C26:G26) -> 1 | I26: =H26*85 -> 85 | N26: 10 | P26: =SUM(J26:O26) -> 10 | Q26: =P26*85 -> 850 | X26: =SUM(R26:W26) -> 0 | Y26: =X26*85 -> 0 | Z26: 1 | AA26: 20 | AD26: - | AF26: =SUM(Z26:AE26) -> 21 | AG26: =AF26*85 -> 1785 | AI26: 2 | AK26: =SUM(AH26:AJ26) -> 2 | AL26: =AK26*85 -> 170 | AN26: POLLON CTO | AO26: =H14+P14+X14+AF14+AK14 -> 572
B27: PRE AMARILLO | F27: - | H27: =SUM(C27:G27) -> 0 | I27: =H27*85 -> 0 | N27: - | P27: =SUM(J27:O27) -> 0 | Q27: =P27*85 -> 0 | X27: =SUM(R27:W27) -> 0 | Y27: =X27*85 -> 0 | AD27: - | AF27: =SUM(Z27:AE27) -> 0 | AG27: =AF27*85 -> 0 | AK27: =SUM(AH27:AJ27) -> 0 | AL27: =AK27*85 -> 0 | AN27: POLLON INICIO | AO27: =H15+P15+X15+AF15+AK15 -> 96
B28: CUY VITA | F28: - | H28: =SUM(C28:G28) -> 0 | I28: =H28*75 -> 0 | J28: 15 | N28: - | P28: =SUM(J28:O28) -> 15 | Q28: =P28*75 -> 1125 | U28: 10 | X28: =SUM(R28:W28) -> 10 | Y28: =X28*75 -> 750 | AA28: 7 | AB28: 2 | AD28: 20 | AF28: =SUM(Z28:AE28) -> 29 | AG28: =AF28*75 -> 2175 | AI28: 1 | AK28: =SUM(AH28:AJ28) -> 1 | AL28: =AK28*75 -> 75 | AO28: =SUM(AO25:AO27) -> 1425
B29: CONEJO VITA | F29: - | H29: =SUM(C29:G29) -> 0 | I29: =H29*75 -> 0 | N29: - | P29: =SUM(J29:O29) -> 0 | Q29: =P29*75 -> 0 | U29: 13 | X29: =SUM(R29:W29) -> 13 | Y29: =X29*75 -> 975 | AD29: 15 | AF29: =SUM(Z29:AE29) -> 15 | AG29: =AF29*75 -> 1125 | AK29: =SUM(AH29:AJ29) -> 0 | AL29: =AK29*75 -> 0
B30: POSTURA | C30: 2 | F30: 9 | H30: =SUM(C30:G30) -> 11 | I30: =H30*78 -> 858 | J30: 6 | N30: 50 | O30: 8 | P30: =SUM(J30:O30) -> 64 | Q30: =P30*78 -> 4992 | R30: 13 | S30: 15 | T30: 30 | X30: =SUM(R30:W30) -> 58 | Y30: =X30*78 -> 4524 | Z30: 2 | AA30: 30 | AB30: 1 | AD30: 27 | AE30: 20 | AF30: =SUM(Z30:AE30) -> 80 | AG30: =AF30*78 -> 6240 | AI30: 6 | AJ30: 10 | AK30: =SUM(AH30:AJ30) -> 16 | AL30: =AK30*78 -> 1248
B31: POSTURA ECO. | F31: - | H31: =SUM(C31:G31) -> 0 | I31: =H31*70 -> 0 | P31: =SUM(J31:O31) -> 0 | Q31: =P31*70 -> 0 | X31: =SUM(R31:W31) -> 0 | Y31: =X31*70 -> 0 | AF31: =SUM(Z31:AE31) -> 0 | AG31: =AF31*70 -> 0 | AK31: =SUM(AH31:AJ31) -> 0 | AL31: =AK31*70 -> 0
B32: ROJO PROVINCIA | F32: - | H32: =SUM(C32:G32) -> 0 | I32: =H32*60 -> 0 | P32: =SUM(J32:O32) -> 0 | Q32: =P32*60 -> 0 | X32: =SUM(R32:W32) -> 0 | Y32: =X32*60 -> 0 | AF32: =SUM(Z32:AE32) -> 0 | AG32: =AF32*60 -> 0 | AK32: =SUM(AH32:AJ32) -> 0 | AL32: =AK32*60 -> 0
B33: VERDE PROVINCIA | F33: - | H33: =SUM(C33:G33) -> 0 | I33: =H33*60 -> 0 | P33: =SUM(J33:O33) -> 0 | Q33: =P33*60 -> 0 | T33: - | X33: =SUM(R33:W33) -> 0 | Y33: =X33*60 -> 0 | AF33: =SUM(Z33:AE33) -> 0 | AG33: =AF33*60 -> 0 | AK33: =SUM(AH33:AJ33) -> 0 | AL33: =AK33*60 -> 0
B34: ENG SIMPLE | C34: 55 | F34: - | H34: =SUM(C34:G34) -> 55 | I34: =H34*40 -> 2200 | P34: =SUM(J34:O34) -> 0 | Q34: =P34*40 -> 0 | X34: =SUM(R34:W34) -> 0 | Y34: =X34*40 -> 0 | AF34: =SUM(Z34:AE34) -> 0 | AG34: =AF34*40 -> 0 | AK34: =SUM(AH34:AJ34) -> 0 | AL34: =AK34*40 -> 0
B35: CTO SIMPLE | C35: 55 | E35: 5 | F35: - | H35: =SUM(C35:G35) -> 60 | I35: =H35*40 -> 2400 | J35: 1 | K35: 74 | P35: =SUM(J35:O35) -> 75 | Q35: =P35*40 -> 3000 | S35: 10 | X35: =SUM(R35:W35) -> 10 | Y35: =X35*40 -> 400 | Z35: 1 | AA35: 5 | AB35: 50 | AC35: 4 | AE35: 85 | AF35: =SUM(Z35:AE35) -> 145 | AG35: =AF35*40 -> 5800 | AK35: =SUM(AH35:AJ35) -> 0 | AL35: =AK35*40 -> 0
B36: GRANJA X 40 KG | F36: - | H36: =SUM(C36:G36) -> 0 | I36: =H36*76 -> 0 | N36: 50 | P36: =SUM(J36:O36) -> 50 | Q36: =P36*76 -> 3800 | X36: =SUM(R36:W36) -> 0 | Y36: =X36*76 -> 0 | AF36: =SUM(Z36:AE36) -> 0 | AG36: =AF36*76 -> 0 | AK36: =SUM(AH36:AJ36) -> 0 | AL36: =AK36*76 -> 0
B37: GRANJA X 50 KG | F37: - | H37: =SUM(C37:G37) -> 0 | I37: =H37*90 -> 0 | P37: =SUM(J37:O37) -> 0 | Q37: =P37*90 -> 0 | X37: =SUM(R37:W37) -> 0 | Y37: =X37*90 -> 0 | AF37: =SUM(Z37:AE37) -> 0 | AG37: =AF37*90 -> 0 | AK37: =SUM(AH37:AJ37) -> 0 | AL37: =AK37*90 -> 0
B38: CTO CON. POLLO | F38: - | H38: =SUM(C38:G38) -> 0 | I38: =H38*91 -> 0 | P38: =SUM(J38:O38) -> 0 | Q38: =P38*91 -> 0 | T38: 20 | X38: =SUM(R38:W38) -> 20 | Y38: =X38*91 -> 1820 | AF38: =SUM(Z38:AE38) -> 0 | AG38: =AF38*91 -> 0 | AK38: =SUM(AH38:AJ38) -> 0 | AL38: =AK38*91 -> 0
B39: ENG CON. POLLO | F39: - | H39: =SUM(C39:G39) -> 0 | I39: =H39*90 -> 0 | P39: =SUM(J39:O39) -> 0 | Q39: =P39*90 -> 0 | T39: 10 | X39: =SUM(R39:W39) -> 10 | Y39: =X39*90 -> 900 | AF39: =SUM(Z39:AE39) -> 0 | AG39: =AF39*90 -> 0 | AK39: =SUM(AH39:AJ39) -> 0 | AL39: =AK39*90 -> 0
B40: CERDO MANTTO | F40: - | H40: =SUM(C40:G40) -> 0 | I40: =H40*76 -> 0 | P40: =SUM(J40:O40) -> 0 | Q40: =P40*76 -> 0 | X40: =SUM(R40:W40) -> 0 | Y40: =X40*76 -> 0 | AE40: 14 | AF40: =SUM(Z40:AE40) -> 14 | AG40: =AF40*76 -> 1064 | AK40: =SUM(AH40:AJ40) -> 0 | AL40: =AK40*76 -> 0
B41: CTO CERDO | F41: - | H41: =SUM(C41:G41) -> 0 | I41: =H41*100 -> 0 | P41: =SUM(J41:O41) -> 0 | Q41: =P41*100 -> 0 | X41: =SUM(R41:W41) -> 0 | Y41: =X41*100 -> 0 | AF41: =SUM(Z41:AE41) -> 0 | AG41: =AF41*100 -> 0 | AK41: =SUM(AH41:AJ41) -> 0 | AL41: =AK41*100 -> 0
B42: ENG CERDO | F42: - | H42: =SUM(C42:G42) -> 0 | I42: =H42*100 -> 0 | P42: =SUM(J42:O42) -> 0 | Q42: =P42*100 -> 0 | X42: =SUM(R42:W42) -> 0 | Y42: =X42*100 -> 0 | AF42: =SUM(Z42:AE42) -> 0 | AG42: =AF42*100 -> 0 | AK42: =SUM(AH42:AJ42) -> 0 | AL42: =AK42*100 -> 0
B43: POSTURA POLVO | F43: - | H43: =SUM(C43:G43) -> 0 | I43: =H43*78 -> 0 | P43: =SUM(J43:O43) -> 0 | Q43: =P43*78 -> 0 | X43: =SUM(R43:W43) -> 0 | Y43: =X43*78 -> 0 | AF43: =SUM(Z43:AE43) -> 0 | AG43: =AF43*78 -> 0 | AK43: =SUM(AH43:AJ43) -> 0 | AL43: =AK43*78 -> 0
B44: VITAOVO ANA | E44: 25 | F44: 35 | G44: 58 | H44: =SUM(C44:G44) -> 118 | I44: =H44*99 -> 11682 | K44: 80 | P44: =SUM(J44:O44) -> 80 | Q44: =P44*99 -> 7920 | S44: 63 | X44: =SUM(R44:W44) -> 63 | Y44: =X44*99 -> 6237 | AD44: 23 | AF44: =SUM(Z44:AE44) -> 23 | AG44: =AF44*99 -> 2277 | AI44: 80 | AJ44: 10 | AK44: =SUM(AH44:AJ44) -> 90 | AL44: =AK44*99 -> 8910
B45: VITAOVO CARNE | D45: 50 | F45: - | H45: =SUM(C45:G45) -> 50 | I45: =H45*101 -> 5050 | M45: 10 | N45: 100 | P45: =SUM(J45:O45) -> 110 | Q45: =P45*101 -> 11110 | T45: 30 | X45: =SUM(R45:W45) -> 30 | Y45: =X45*101 -> 3030 | Z45: 100 | AC45: 65 | AF45: =SUM(Z45:AE45) -> 165 | AG45: =AF45*101 -> 16665 | AK45: =SUM(AH45:AJ45) -> 0 | AL45: =AK45*101 -> 0
B46: VITAOVO SIMPLE | C46: 4 | D46: 20 | E46: 20 | F46: 1 | H46: =SUM(C46:G46) -> 45 | I46: =H46*99 -> 4455 | J46: 9 | K46: 10 | M46: 5 | O46: 25 | P46: =SUM(J46:O46) -> 49 | Q46: =P46*99 -> 4851 | R46: 22 | T46: 15 | X46: =SUM(R46:W46) -> 37 | Y46: =X46*99 -> 3663 | Z46: 26 | AA46: 5 | AB46: 10 | AD46: 45 | AF46: =SUM(Z46:AE46) -> 86 | AG46: =AF46*99 -> 8514 | AI46: 13 | AJ46: 25 | AK46: =SUM(AH46:AJ46) -> 38 | AL46: =AK46*99 -> 3762
B47: AFRECHO | C47: 23 | D47: 35 | E47: 25 | F47: 26 | G47: 34 | H47: =SUM(C47:G47) -> 143 | I47: =H47*45 -> 6435 | J47: 42 | K47: 22 | L47: 10 | M47: 15 | N47: 23 | O47: 10 | P47: =SUM(J47:O47) -> 122 | Q47: =P47*45 -> 5490 | R47: 7 | T47: 4 | X47: =SUM(R47:W47) -> 11 | Y47: =X47*48 -> 528 | Z47: 43 | AA47: 35 | AC47: 30 | AD47: 26 | AF47: =SUM(Z47:AE47) -> 134 | AG47: =AF47*48 -> 6432 | AH47: 50 | AI47: 42 | AJ47: 84 | AK47: =SUM(AH47:AJ47) -> 176 | AL47: =AK47*50 -> 8800
H48: =SUM(H20:H43) -> 218 | I48: =SUM(I20:I43) -> 13237 | P48: =SUM(P20:P43) -> 459 | Q48: =SUM(Q20:Q43) -> 34468 | X48: =SUM(X20:X43) -> 177 | Y48: =SUM(Y20:Y43) -> 14099 | AF48: =SUM(AF20:AF43) -> 641 | AG48: =SUM(AG20:AG43) -> 46672 | AK48: =SUM(AK20:AK43) -> 49 | AL48: =SUM(AL20:AL43) -> 4028 | AN48: VITAOVO | AO48: =H51+P51+X51+AF51+AK51 -> 984 | AP48: =AO49/AO48 -> 99.721545
AN49: VALOR M. | AO49: =I51+Y51+Q51+AG51+AL51 -> 98126
B50: ALIMENTO | H50: =H48+H19 -> 1061 | I50: =I48+I19 -> 72281 | J50: =I50/H50 -> 68.125353 | P50: =P48+P19 -> 1536 | Q50: =Q48+Q19 -> 114156 | R50: =Q50/P50 -> 74.320312 | X50: =X48+X19 -> 875 | Y50: =Y48+Y19 -> 63248 | Z50: =Y50/X50 -> 72.283429 | AF50: =AF48+AF19 -> 2130 | AG50: =AG48+AG19 -> 160714 | AH50: =AG50/AF50 -> 75.452582 | AJ50: =AL50/AK50 -> 67.940754 | AK50: =AK48+AK19 -> 557 | AL50: =AL48+AL19 -> 37843
B51: VITAOVO | H51: =SUM(H44:H46) -> 213 | I51: =SUM(I44:I46) -> 21187 | P51: =SUM(P44:P46) -> 239 | Q51: =SUM(Q44:Q46) -> 23881 | X51: =SUM(X44:X46) -> 130 | Y51: =SUM(Y44:Y46) -> 12930 | AF51: =SUM(AF44:AF46) -> 274 | AG51: =SUM(AG44:AG46) -> 27456 | AK51: =SUM(AK44:AK46) -> 128 | AL51: =SUM(AL44:AL46) -> 12672 | AN51: AFRECHO | AO51: =H52+X52+P52+AF52+AK52 -> 586 | AP51: =AO52/AO51 -> 47.244027
B52: AFRECHO | H52: =H47 -> 143 | I52: =I47 -> 6435 | P52: =P47 -> 122 | Q52: =Q47 -> 5490 | X52: =X47 -> 11 | Y52: =Y47 -> 528 | AF52: =AF47 -> 134 | AG52: =AG47 -> 6432 | AK52: =AK47 -> 176 | AL52: =AL47 -> 8800 | AN52: VALOR M. | AO52: =Y52+Q52+I52+AG52+AL52 -> 27685
B55: ALIMENTO | C55: 45748 | D55: 45749 | E55: 45750 | F55: 45751 | G55: 45752 | H55: TOTAL | I55: MONTO | J55: 45754 | K55: 45755 | L55: 45756 | M55: 45757 | N55: 45758 | O55: 45759 | P55: TOTAL | Q55: MONTO | R55: 45761 | S55: 45762 | T55: 45763 | U55: 45764 | V55: 45765 | W55: 45766 | X55: TOTAL | Y55: MONTO | Z55: 45768 | AA55: 45769 | AB55: 45770 | AC55: 45771 | AD55: 45772 | AE55: 45773 | AF55: TOTAL | AG55: MONTO | AH55: 45771 | AI55: 45772 | AJ55: 45773 | AK55: TOTAL | AL55: MONTO
B56: MAIZ PARTIDO | C56: 88 | D56: 150 | E56: 240 | F56: 146 | G56: 150 | H56: =SUM(C56:G56) -> 774 | I56: =H56*101 -> 78174 | J56: 157 | K56: 220 | L56: 195 | M56: 118 | N56: 120 | O56: 130 | P56: =SUM(J56:O56) -> 940 | Q56: =P56*101 -> 94940 | R56: 188 | S56: 237 | T56: 295 | U56: 165 | X56: =SUM(R56:W56) -> 885 | Y56: =X56*101 -> 89385 | Z56: 443 | AA56: 30 | AB56: 170 | AC56: 240 | AD56: 245 | AE56: 20 | AF56: =SUM(Z56:AE56) -> 1148 | AG56: =AF56*101 -> 115948 | AH56: 96 | AI56: 169 | AJ56: 350 | AK56: =SUM(AH56:AJ56) -> 615 | AL56: =AK56*101 -> 62115
B57: MAIZ ENTERO | C57: 104 | D57: 165 | E57: 190 | F57: 131 | G57: 140 | H57: =SUM(C57:G57) -> 730 | I57: =H57*99 -> 72270 | J57: 242 | K57: 230 | L57: 130 | M57: 60 | N57: 150 | O57: 205 | P57: =SUM(J57:O57) -> 1017 | Q57: =P57*99 -> 100683 | R57: 153 | S57: 232 | T57: 240 | U57: 165 | X57: =SUM(R57:W57) -> 790 | Y57: =X57*99 -> 78210 | Z57: 372 | AA57: 15 | AB57: 90 | AC57: 270 | AD57: 277 | AE57: 10 | AF57: =SUM(Z57:AE57) -> 1034 | AG57: =AF57*99 -> 102366 | AH57: 96 | AI57: 166 | AJ57: 335 | AK57: =SUM(AH57:AJ57) -> 597 | AL57: =AK57*99 -> 59103
B58: MAIZ REFINADO | C58: 31 | D58: 35 | E58: 35 | F58: 36 | G58: 20 | H58: =SUM(C58:G58) -> 157 | I58: =H58*101 -> 15857 | J58: 51 | K58: 62 | L58: 75 | M58: 5 | N58: 45 | O58: 25 | P58: =SUM(J58:O58) -> 263 | Q58: =P58*101 -> 26563 | R58: 39 | S58: 47 | T58: 75 | U58: 14 | X58: =SUM(R58:W58) -> 175 | Y58: =X58*101 -> 17675 | Z58: 76 | AA58: 5 | AB58: 46 | AC58: 50 | AD58: 82 | AF58: =SUM(Z58:AE58) -> 259 | AG58: =AF58*101 -> 26159 | AH58: 21 | AI58: 34 | AJ58: 75 | AK58: =SUM(AH58:AJ58) -> 130 | AL58: =AK58*101 -> 13130 | AN58: MAIZ | AO58: =H64+P64+X64+AF64+AK64 -> 10429 | AP58: =AO59/AO58 -> 98.709176
B59: MAIZ INTEGRAL | C59: 3 | D59: 4 | F59: 5 | G59: 5 | H59: =SUM(C59:G59) -> 17 | I59: =H59*84 -> 1428 | J59: 1 | K59: 107 | L59: 30 | N59: 5 | O59: 8 | P59: =SUM(J59:O59) -> 151 | Q59: =P59*84 -> 12684 | R59: - | S59: - | T59: 500 | U59: - | X59: =SUM(R59:W59) -> 500 | Y59: =X59*84 -> 42000 | Z59: 14 | AA59: 140 | AB59: 40 | AC59: 5 | AD59: 1 | AE59: 1 | AF59: =SUM(Z59:AE59) -> 201 | AG59: =AF59*84 -> 16884 | AH59: 30 | AI59: 13 | AJ59: 3 | AK59: =SUM(AH59:AJ59) -> 46 | AL59: =AK59*84 -> 3864 | AN59: VALOR M. | AO59: =I64+Q64+Y64+AG64+AL64 -> 1029438
B60: TRIGO | C60: 6 | D60: 45 | E60: 55 | F60: 48 | G60: 30 | H60: =SUM(C60:G60) -> 184 | I60: =H60*100 -> 18400 | J60: 179 | K60: 39 | L60: 15 | N60: 105 | O60: 5 | P60: =SUM(J60:O60) -> 343 | Q60: =P60*100 -> 34300 | R60: 46 | S60: 33 | T60: 28 | U60: 58 | X60: =SUM(R60:W60) -> 165 | Y60: =X60*100 -> 16500 | Z60: 61 | AB60: 0 | AC60: 75 | AD60: 27 | AE60: 50 | AF60: =SUM(Z60:AE60) -> 213 | AG60: =AF60*100 -> 21300 | AH60: 30 | AI60: 27 | AJ60: 20 | AK60: =SUM(AH60:AJ60) -> 77 | AL60: =AK60*100 -> 7700
B61: SOYA | D61: - | F61: 1 | H61: =SUM(C61:G61) -> 1 | I61: =H61*115 -> 115 | P61: =SUM(J61:O61) -> 0 | Q61: =P61*115 -> 0 | S61: 1 | U61: 1 | X61: =SUM(R61:W61) -> 2 | Y61: =X61*115 -> 230 | AD61: 1 | AE61: 5 | AF61: =SUM(Z61:AE61) -> 6 | AG61: =AF61*115 -> 690 | AK61: =SUM(AH61:AJ61) -> 0 | AL61: =AK61*115 -> 0 | AN61: TRIGO | AO61: =H60+P60+X60+AF60+AK60 -> 982 | AP61: =AO62/AO61 -> 100
H62: =SUM(H56:H61) -> 1863 | I62: =SUM(I56:I61) -> 186244 | P62: =SUM(P56:P61) -> 2714 | Q62: =SUM(Q56:Q61) -> 269170 | X62: =SUM(X56:X61) -> 2517 | Y62: =SUM(Y56:Y61) -> 244000 | AF62: =SUM(AF56:AF61) -> 2861 | AG62: =SUM(AG56:AG61) -> 283347 | AK62: =SUM(AK56:AK61) -> 1465 | AL62: =SUM(AL56:AL61) -> 145912 | AN62: VALOR M. | AO62: =I60+Q60+Y60+AG60+AL60 -> 98200
H64: =H56+H57+H58+H59 -> 1678 | I64: =I56+I57+I58+I59 -> 167729 | P64: =P56+P57+P58+P59 -> 2371 | Q64: =Q56+Q57+Q58+Q59 -> 234870 | X64: =X56+X57+X58+X59 -> 2350 | Y64: =Y56+Y57+Y58+Y59 -> 227270 | AF64: =AF56+AF57+AF58+AF59 -> 2642 | AG64: =AG56+AG57+AG58+AG59 -> 261357 | AK64: =AK56+AK57+AK58+AK59 -> 1388 | AL64: =AL56+AL57+AL58+AL59 -> 138212
AN66: VENTA TOTAL | AO66: =AO62+AO59+AO20 -> 1575880
I1964: 30…0.

Sheet MAYO
B3: ALIMENTO | C3: 45779 | D3: 45780 | E3: SUB TOTAL | F3: MONTO | G3: 45782 | H3: 45783 | I3: 45784 | J3: 45785 | K3: 45786 | L3: 45787 | M3: SUB TOTAL | N3: MONTO | O3: 45789 | P3: 45790 | Q3: 45791 | R3: 45792 | S3: 45793 | T3: 45794 | U3: SUB TOTAL | V3: MONTO | W3: 45796 | X3: 45797 | Y3: 45798 | Z3: 45799 | AA3: 45800 | AB3: 45801 | AC3: SUB TOTAL | AD3: MONTO | AE3: 45803 | AF3: 45804 | AG3: 45805 | AH3: 45806 | AI3: 45807 | AJ3: 45808 | AK3: SUB TOTAL | AL3: MONTO | AS3: MES : MAYO
B4: ENG CARNE | C4: 112 | D4: 15 | E4: =SUM(C4:D4) -> 127 | F4: =E4*60 -> 7620 | G4: 49 | H4: 55 | I4: 40 | J4: 20 | K4: 56 | L4: 20 | M4: =SUM(G4:L4) -> 240 | N4: =M4*60 -> 14400 | O4: 11 | P4: 28 | Q4: 34 | R4: 50 | S4: 142 | T4: 16 | U4: =SUM(O4:T4) -> 281 | V4: =U4*60 -> 16860 | W4: 32 | X4: 76 | Y4: 65 | Z4: 90 | AA4: - | AB4: 34 | AC4: =SUM(W4:AB4) -> 297 | AD4: =AC4*60 -> 17820 | AE4: 8 | AF4: 23 | AG4: 40 | AH4: 16 | AI4: 20 | AK4: =SUM(AE4:AJ4) -> 107 | AL4: =AK4*60 -> 6420 | AS4: ALIMENTOS | AT4: =AO19 -> 7033
B5: CTO CARNE | C5: 182 | D5: 20 | E5: =SUM(C5:D5) -> 202 | F5: =E5*60 -> 12120 | G5: 246 | H5: 50 | I5: 50 | J5: 25 | K5: 27 | L5: - | M5: =SUM(G5:L5) -> 398 | N5: =M5*60 -> 23880 | O5: 6 | P5: 20 | Q5: 50 | R5: 254 | S5: 33 | T5: - | U5: =SUM(O5:T5) -> 363 | V5: =U5*60 -> 21780 | W5: 36 | X5: 37 | Y5: 63 | Z5: 47 | AA5: 22 | AB5: 40 | AC5: =SUM(W5:AB5) -> 245 | AD5: =AC5*60 -> 14700 | AE5: 35 | AF5: 86 | AG5: 37 | AH5: 17 | AI5: 16 | AK5: =SUM(AE5:AJ5) -> 191 | AL5: =AK5*60 -> 11460 | AS5: VALOR M. | AT5: =AO20 -> 497850
B6: INICIO CARNE | C6: 10 | D6: - | E6: =SUM(C6:D6) -> 10 | F6: =E6*61 -> 610 | G6: 1 | H6: 5 | I6: - | J6: - | K6: - | L6: - | M6: =SUM(G6:L6) -> 6 | N6: =M6*61 -> 366 | P6: 1 | Q6: 23 | R6: 1 | S6: 25 | T6: - | U6: =SUM(O6:T6) -> 50 | V6: =U6*61 -> 3050 | W6: 6 | X6: 1 | Y6: 13 | Z6: 6 | AA6: - | AB6: 7 | AC6: =SUM(W6:AB6) -> 33 | AD6: =AC6*61 -> 2013 | AE6: 5 | AF6: - | AG6: 8 | AH6: - | AI6: 5 | AK6: =SUM(AE6:AJ6) -> 18 | AL6: =AK6*61 -> 1098 | AS6: VITAOVO | AT6: =AO48 -> 1126
B7: CONEJO | C7: 40 | D7: - | E7: =SUM(C7:D7) -> 40 | F7: =E7*60 -> 2400 | G7: 10 | H7: 37 | I7: 22 | J7: 10 | K7: 8 | L7: 35 | M7: =SUM(G7:L7) -> 122 | N7: =M7*60 -> 7320 | P7: - | Q7: 4 | R7: - | S7: - | T7: 16 | U7: =SUM(O7:T7) -> 20 | V7: =U7*60 -> 1200 | W7: 19 | X7: 41 | Y7: 5 | Z7: 19 | AA7: 25 | AB7: 32 | AC7: =SUM(W7:AB7) -> 141 | AD7: =AC7*60 -> 8460 | AE7: 1 | AF7: 6 | AG7: - | AH7: 16 | AI7: 10 | AJ7: 6 | AK7: =SUM(AE7:AJ7) -> 39 | AL7: =AK7*60 -> 2340 | AS7: VALOR M. | AT7: =AO49 -> 110274
B8: CUY | C8: 30 | D8: - | E8: =SUM(C8:D8) -> 30 | F8: =E8*60 -> 1800 | G8: - | H8: 34 | I8: 9 | J8: - | K8: - | L8: 35 | M8: =SUM(G8:L8) -> 78 | N8: =M8*60 -> 4680 | O8: 4 | P8: 5 | Q8: - | R8: 5 | S8: - | T8: - | U8: =SUM(O8:T8) -> 14 | V8: =U8*60 -> 840 | W8: 16 | X8: 30 | Y8: 5 | Z8: 33 | AA8: 10 | AB8: 50 | AC8: =SUM(W8:AB8) -> 144 | AD8: =AC8*60 -> 8640 | AE8: 2 | AF8: 11 | AG8: - | AH8: 12 | AI8: 10 | AJ8: 6 | AK8: =SUM(AE8:AJ8) -> 41 | AL8: =AK8*60 -> 2460 | AS8: AFRECHO | AT8: =AO51 -> 886
B9: CON POLLO | C9: 4 | D9: - | E9: =SUM(C9:D9) -> 4 | F9: =E9*60 -> 240 | G9: 30 | H9: 2 | I9: 6 | J9: - | K9: - | M9: =SUM(G9:L9) -> 38 | N9: =M9*60 -> 2280 | O9: 1 | P9: 1 | Q9: 27 | R9: 15 | S9: 26 | T9: - | U9: =SUM(O9:T9) -> 70 | V9: =U9*60 -> 4200 | W9: 17 | X9: 5 | Y9: 3 | Z9: 6 | AA9: - | AB9: - | AC9: =SUM(W9:AB9) -> 31 | AD9: =AC9*60 -> 1860 | AE9: 2 | AF9: 9 | AG9: 5 | AH9: 1 | AI9: 20 | AK9: =SUM(AE9:AJ9) -> 37 | AL9: =AK9*60 -> 2220 | AS9: VALOR M. | AT9: =AO52 -> 46772
B10: CON CUY | C10: - | D10: 12 | E10: =SUM(C10:D10) -> 12 | F10: =E10*60 -> 720 | G10: - | H10: 10 | I10: 4 | J10: 10 | K10: 13 | M10: =SUM(G10:L10) -> 37 | N10: =M10*60 -> 2220 | O10: 2 | P10: 4 | Q10: 8 | R10: 15 | S10: 21 | T10: 6 | U10: =SUM(O10:T10) -> 56 | V10: =U10*60 -> 3360 | W10: 13 | X10: 10 | Y10: 2 | Z10: 3 | AA10: 1 | AB10: 5 | AC10: =SUM(W10:AB10) -> 34 | AD10: =AC10*60 -> 2040 | AE10: 14 | AF10: 7 | AG10: 1 | AH10: 2 | AI10: 20 | AK10: =SUM(AE10:AJ10) -> 44 | AL10: =AK10*60 -> 2640 | AS10: MAIZ | AT10: =AO58 -> 8960
B11: VERDE | C11: 20 | D11: 5 | E11: =SUM(C11:D11) -> 25 | F11: =E11*65 -> 1625 | G11: 17 | H11: 9 | I11: 3 | J11: - | K11: 1 | L11: 10 | M11: =SUM(G11:L11) -> 40 | N11: =M11*65 -> 2600 | P11: - | Q11: 3 | R11: 13 | S11: - | T11: 10 | U11: =SUM(O11:T11) -> 26 | V11: =U11*65 -> 1690 | W11: - | X11: - | Y11: 2 | Z11: - | AA11: - | AB11: - | AC11: =SUM(W11:AB11) -> 2 | AD11: =AC11*65 -> 130 | AE11: - | AF11: 16 | AG11: 7 | AH11: 6 | AI11: 1 | AK11: =SUM(AE11:AJ11) -> 30 | AL11: =AK11*65 -> 1950 | AS11: VALOR M. | AT11: =AO59 -> 882664
B12: ROJO | D12: - | E12: =SUM(C12:D12) -> 0 | F12: =E12*65 -> 0 | G12: 40 | H12: 7 | I12: - | J12: 10 | K12: 1 | M12: =SUM(G12:L12) -> 58 | N12: =M12*65 -> 3770 | O12: 1 | P12: - | Q12: - | R12: 30 | S12: - | T12: 10 | U12: =SUM(O12:T12) -> 41 | V12: =U12*65 -> 2665 | W12: - | X12: - | Y12: - | Z12: - | AA12: - | AB12: - | AC12: =SUM(W12:AB12) -> 0 | AD12: =AC12*65 -> 0 | AE12: - | AF12: 2 | AG12: 5 | AH12: 6 | AI12: 1 | AK12: =SUM(AE12:AJ12) -> 14 | AL12: =AK12*65 -> 910 | AS12: TRIGO | AT12: =AO61 -> 1375
B13: POLLON | C13: 27 | D13: 25 | E13: =SUM(C13:D13) -> 52 | F13: =E13*95 -> 4940 | G13: 88 | H13: 26 | I13: 94 | J13: 25 | K13: 30 | M13: =SUM(G13:L13) -> 263 | N13: =M13*95 -> 24985 | O13: 20 | P13: 27 | Q13: 103 | R13: 15 | S13: 29 | T13: 16 | U13: =SUM(O13:T13) -> 210 | V13: =U13*95 -> 19950 | W13: 26 | X13: 1 | Y13: 36 | Z13: 31 | AA13: 20 | AB13: 25 | AC13: =SUM(W13:AB13) -> 139 | AD13: =AC13*95 -> 13205 | AE13: 7 | AF13: 7 | AG13: 55 | AH13: 56 | AI13: 4 | AJ13: 15 | AK13: =SUM(AE13:AJ13) -> 144 | AL13: =AK13*95 -> 13680 | AS13: VALOR M. | AT13: =AO62 -> 137500
B14: CTO POLLON | C14: - | D14: - | E14: =SUM(C14:D14) -> 0 | F14: =E14*105 -> 0 | G14: 93 | H14: 54 | I14: 40 | K14: 20 | M14: =SUM(G14:L14) -> 207 | N14: =M14*105 -> 21735 | O14: 22 | P14: 17 | Q14: 50 | R14: 10 | S14: 77 | T14: - | U14: =SUM(O14:T14) -> 176 | V14: =U14*105 -> 18480 | W14: 8 | X14: - | Y14: 15 | Z14: 20 | AB14: 20 | AC14: =SUM(W14:AB14) -> 63 | AD14: =AC14*105 -> 6615 | AE14: 8 | AF14: 20 | AG14: 32 | AH14: 17 | AI14: 21 | AK14: =SUM(AE14:AJ14) -> 98 | AL14: =AK14*105 -> 10290
B15: INICIO POLLON | C15: - | D15: - | E15: =SUM(C15:D15) -> 0 | F15: =E15*110 -> 0 | G15: - | H15: - | I15: - | K15: 8 | M15: =SUM(G15:L15) -> 8 | N15: =M15*110 -> 880 | O15: 6 | P15: - | Q15: 5 | R15: 5 | S15: 3 | T15: - | U15: =SUM(O15:T15) -> 19 | V15: =U15*110 -> 2090 | W15: 9 | X15: 1 | Y15: - | Z15: 10 | AB15: - | AC15: =SUM(W15:AB15) -> 20 | AD15: =AC15*110 -> 2200 | AE15: 1 | AF15: 25 | AG15: - | AH15: - | AI15: - | AK15: =SUM(AE15:AJ15) -> 26 | AL15: =AK15*110 -> 2860 | AS15: MAIZ B12 | AT15: 437290
B16: DORIMICYN | C16: - | D16: - | E16: =SUM(C16:D16) -> 0 | F16: =E16*70 -> 0 | G16: 5 | H16: 2 | I16: - | K16: 11 | M16: =SUM(G16:L16) -> 18 | N16: =M16*70 -> 1260 | Q16: - | S16: - | T16: - | U16: =SUM(O16:T16) -> 0 | V16: =U16*70 -> 0 | W16: 1 | Y16: 3 | Z16: 1 | AB16: 13 | AC16: =SUM(W16:AB16) -> 18 | AD16: =AC16*70 -> 1260 | AE16: - | AF16: - | AG16: 10 | AH16: - | AI16: 4 | AK16: =SUM(AE16:AJ16) -> 14 | AL16: =AK16*70 -> 980
B17: CTO SIMPLE | C17: - | D17: - | E17: =SUM(C17:D17) -> 0 | F17: =E17*0 -> 0 | K17: 10 | M17: =SUM(G17:L17) -> 10 | N17: =M17*0 -> 0 | P17: - | Q17: - | S17: - | T17: - | U17: =SUM(O17:T17) -> 0 | V17: =U17*0 -> 0 | W17: - | Z17: - | AB17: - | AC17: =SUM(W17:AB17) -> 0 | AD17: =AC17*0 -> 0 | AE17: - | AF17: - | AG17: - | AH17: - | AI17: - | AK17: =SUM(AE17:AJ17) -> 0 | AL17: =AK17*0 -> 0
B18: CTO ANA | C18: - | D18: - | E18: =SUM(C18:D18) -> 0 | F18: =E18*0 -> 0 | M18: =SUM(G18:L18) -> 0 | N18: =M18*0 -> 0 | P18: - | Q18: - | R18: - | S18: - | T18: - | U18: =SUM(O18:T18) -> 0 | V18: =U18*0 -> 0 | W18: - | Z18: - | AA18: - | AB18: - | AC18: =SUM(W18:AB18) -> 0 | AD18: =AC18*0 -> 0 | AE18: - | AF18: - | AH18: - | AI18: - | AK18: =SUM(AE18:AJ18) -> 0 | AL18: =AK18*0 -> 0
E19: =SUM(E4:E16) -> 502 | F19: =SUM(F4:F16) -> 32075 | M19: =SUM(M4:M16) -> 1513 | N19: =SUM(N4:N16) -> 110376 | U19: =SUM(U4:U16) -> 1326 | V19: =SUM(V4:V16) -> 96165 | AC19: =SUM(AC4:AC16) -> 1167 | AD19: =SUM(AD4:AD16) -> 78943 | AK19: =SUM(AK4:AK16) -> 803 | AL19: =SUM(AL4:AL16) -> 59308 | AN19: ALIMENTOS | AO19: =E50+M50+U50+AC50+AK50 -> 7033 | AP19: =AO20/AO19 -> 70.787715
B20: CTO BLANCO | C20: 25 | D20: - | E20: =SUM(C20:D20) -> 25 | F20: =E20*85 -> 2125 | G20: 12 | H20: 10 | I20: 10 | J20: - | M20: =SUM(G20:L20) -> 32 | N20: =M20*85 -> 2720 | O20: 5 | P20: - | Q20: - | T20: 10 | U20: =SUM(O20:T20) -> 15 | V20: =U20*85 -> 1275 | W20: - | X20: 20 | Z20: 10 | AB20: 45 | AC20: =SUM(W20:AB20) -> 75 | AD20: =AC20*85 -> 6375 | AE20: 10 | AF20: - | AG20: - | AH20: 10 | AI20: 0 | AK20: =SUM(AE20:AJ20) -> 20 | AL20: =AK20*98 -> 1960 | AN20: VALOR M. | AO20: =F50+N50+V50+AD50+AL50 -> 497850
B21: ENG BLANCO | C21: 25 | D21: - | E21: =SUM(C21:D21) -> 25 | F21: =E21*84 -> 2100 | I21: 10 | J21: - | M21: =SUM(G21:L21) -> 10 | N21: =M21*84 -> 840 | O21: 2 | P21: 4 | Q21: 3 | R21: 10 | T21: - | U21: =SUM(O21:T21) -> 19 | V21: =U21*84 -> 1596 | W21: 10 | X21: 40 | Z21: 15 | AB21: 35 | AC21: =SUM(W21:AB21) -> 100 | AD21: =AC21*84 -> 8400 | AE21: - | AF21: - | AG21: - | AH21: - | AI21: 0 | AK21: =SUM(AE21:AJ21) -> 0 | AL21: =AK21*96 -> 0
B22: INICIO BLANCO | C22: - | D22: 5 | E22: =SUM(C22:D22) -> 5 | F22: =E22*85 -> 425 | H22: 1 | I22: - | J22: - | K22: 6 | M22: =SUM(G22:L22) -> 7 | N22: =M22*85 -> 595 | P22: - | S22: 10 | T22: - | U22: =SUM(O22:T22) -> 10 | V22: =U22*85 -> 850 | W22: 2 | X22: - | Y22: 8 | Z22: 10 | AB22: 16 | AC22: =SUM(W22:AB22) -> 36 | AD22: =AC22*85 -> 3060 | AE22: - | AF22: - | AG22: - | AH22: - | AK22: =SUM(AE22:AJ22) -> 0 | AL22: =AK22*98 -> 0
B23: PRE BLANCO | C23: - | D23: - | E23: =SUM(C23:D23) -> 0 | F23: =E23*85 -> 0 | G23: 6 | H23: 1 | I23: 10 | J23: - | K23: 2 | M23: =SUM(G23:L23) -> 19 | N23: =M23*85 -> 1615 | P23: - | Q23: - | S23: 20 | T23: - | U23: =SUM(O23:T23) -> 20 | V23: =U23*85 -> 1700 | W23: 2 | X23: - | Z23: - | AB23: 9 | AC23: =SUM(W23:AB23) -> 11 | AD23: =AC23*85 -> 935 | AE23: - | AF23: - | AG23: - | AH23: - | AK23: =SUM(AE23:AJ23) -> 0 | AL23: =AK23*82 -> 0
B24: CTO AMARILLO | C24: - | D24: 19 | E24: =SUM(C24:D24) -> 19 | F24: =E24*85 -> 1615 | J24: - | M24: =SUM(G24:L24) -> 0 | N24: =M24*85 -> 0 | P24: - | R24: 59 | T24: - | U24: =SUM(O24:T24) -> 59 | V24: =U24*85 -> 5015 | W24: - | X24: - | Y24: 25 | Z24: - | AC24: =SUM(W24:AB24) -> 25 | AD24: =AC24*85 -> 2125 | AE24: - | AF24: - | AG24: - | AH24: - | AK24: =SUM(AE24:AJ24) -> 0 | AL24: =AK24*100 -> 0 | AN24: LINEA GALLO
B25: ENG AMARILLO | C25: - | D25: 45 | E25: =SUM(C25:D25) -> 45 | F25: =E25*84 -> 3780 | J25: - | M25: =SUM(G25:L25) -> 0 | N25: =M25*84 -> 0 | P25: - | R25: 60 | T25: - | U25: =SUM(O25:T25) -> 60 | V25: =U25*84 -> 5040 | W25: - | X25: - | Y25: 30 | Z25: - | AB25: 12 | AC25: =SUM(W25:AB25) -> 42 | AD25: =AC25*84 -> 3528 | AE25: - | AF25: - | AG25: - | AH25: - | AK25: =SUM(AE25:AJ25) -> 0 | AL25: =AK25*115 -> 0 | AN25: POLLON | AO25: =E13+M13+U13+AC13+AK13 -> 808
B26: INICIO AMARILLO | C26: - | D26: - | E26: =SUM(C26:D26) -> 0 | F26: =E26*85 -> 0 | J26: - | M26: =SUM(G26:L26) -> 0 | N26: =M26*85 -> 0 | P26: - | T26: - | U26: =SUM(O26:T26) -> 0 | V26: =U26*85 -> 0 | W26: - | X26: - | Y26: - | Z26: - | AC26: =SUM(W26:AB26) -> 0 | AD26: =AC26*85 -> 0 | AE26: - | AF26: - | AG26: - | AH26: - | AK26: =SUM(AE26:AJ26) -> 0 | AL26: =AK26*85 -> 0 | AN26: POLLON CTO | AO26: =E14+M14+U14+AC14+AK14 -> 544
B27: PRE AMARILLO | C27: - | D27: - | E27: =SUM(C27:D27) -> 0 | F27: =E27*85 -> 0 | J27: - | M27: =SUM(G27:L27) -> 0 | N27: =M27*85 -> 0 | P27: - | T27: - | U27: =SUM(O27:T27) -> 0 | V27: =U27*85 -> 0 | W27: - | X27: - | Z27: - | AC27: =SUM(W27:AB27) -> 0 | AD27: =AC27*85 -> 0 | AE27: - | AF27: - | AG27: - | AH27: - | AK27: =SUM(AE27:AJ27) -> 0 | AL27: =AK27*85 -> 0 | AN27: POLLON INICIO | AO27: =E15+M15+U15+AC15+AK15 -> 73
B28: CUY VITA | C28: - | D28: 5 | E28: =SUM(C28:D28) -> 5 | F28: =E28*75 -> 375 | H28: 1 | I28: 2 | J28: - | L28: 12 | M28: =SUM(G28:L28) -> 15 | N28: =M28*75 -> 1125 | P28: - | R28: 35 | T28: - | U28: =SUM(O28:T28) -> 35 | V28: =U28*75 -> 2625 | W28: 13 | X28: - | Y28: 3 | Z28: - | AC28: =SUM(W28:AB28) -> 16 | AD28: =AC28*75 -> 1200 | AE28: - | AF28: - | AG28: - | AH28: - | AJ28: 11 | AK28: =SUM(AE28:AJ28) -> 11 | AL28: =AK28*75 -> 825 | AO28: =SUM(AO25:AO27) -> 1425
B29: CONEJO VITA | C29: - | D29: 5 | E29: =SUM(C29:D29) -> 5 | F29: =E29*75 -> 375 | I29: 10 | J29: - | M29: =SUM(G29:L29) -> 10 | N29: =M29*75 -> 750 | P29: - | Q29: - | S29: 5 | T29: - | U29: =SUM(O29:T29) -> 5 | V29: =U29*75 -> 375 | X29: - | Z29: - | AC29: =SUM(W29:AB29) -> 0 | AD29: =AC29*75 -> 0 | AE29: - | AF29: - | AG29: - | AH29: - | AJ29: 1 | AK29: =SUM(AE29:AJ29) -> 1 | AL29: =AK29*75 -> 75
B30: POSTURA | C30: 20 | D30: 25 | E30: =SUM(C30:D30) -> 45 | F30: =E30*78 -> 3510 | G30: 16 | H30: 22 | I30: 10 | J30: - | K30: 5 | L30: 3 | M30: =SUM(G30:L30) -> 56 | N30: =M30*78 -> 4368 | O30: 9 | P30: 10 | Q30: - | R30: 110 | S30: - | T30: - | U30: =SUM(O30:T30) -> 129 | V30: =U30*78 -> 10062 | W30: 14 | X30: 20 | Y30: 25 | Z30: 13 | AB30: 18 | AC30: =SUM(W30:AB30) -> 90 | AD30: =AC30*78 -> 7020 | AE30: 10 | AF30: 10 | AG30: - | AH30: 14 | AK30: =SUM(AE30:AJ30) -> 34 | AL30: =AK30*78 -> 2652
B31: POSTURA ECO. | E31: =SUM(C31:D31) -> 0 | F31: =E31*70 -> 0 | H31: - | J31: - | L31: - | M31: =SUM(G31:L31) -> 0 | N31: =M31*70 -> 0 | O31: - | Q31: - | R31: - | S31: - | T31: - | U31: =SUM(O31:T31) -> 0 | V31: =U31*70 -> 0 | X31: - | Z31: - | AC31: =SUM(W31:AB31) -> 0 | AD31: =AC31*70 -> 0 | AE31: - | AF31: - | AG31: - | AH31: - | AK31: =SUM(AE31:AJ31) -> 0 | AL31: =AK31*70 -> 0
B32: ROJO PROVINCIA | E32: =SUM(C32:D32) -> 0 | F32: =E32*60 -> 0 | H32: - | J32: - | L32: - | M32: =SUM(G32:L32) -> 0 | N32: =M32*60 -> 0 | O32: - | Q32: - | R32: - | S32: - | T32: - | U32: =SUM(O32:T32) -> 0 | V32: =U32*60 -> 0 | X32: - | Z32: - | AC32: =SUM(W32:AB32) -> 0 | AD32: =AC32*60 -> 0 | AE32: - | AF32: - | AG32: - | AH32: - | AK32: =SUM(AE32:AJ32) -> 0 | AL32: =AK32*60 -> 0
B33: VERDE PROVINCIA | E33: =SUM(C33:D33) -> 0 | F33: =E33*60 -> 0 | H33: - | J33: - | L33: - | M33: =SUM(G33:L33) -> 0 | N33: =M33*60 -> 0 | O33: - | Q33: - | R33: - | S33: - | T33: - | U33: =SUM(O33:T33) -> 0 | V33: =U33*60 -> 0 | X33: - | Z33: - | AC33: =SUM(W33:AB33) -> 0 | AD33: =AC33*60 -> 0 | AE33: - | AF33: - | AG33: - | AH33: - | AK33: =SUM(AE33:AJ33) -> 0 | AL33: =AK33*60 -> 0
B34: ENG SIMPLE | E34: =SUM(C34:D34) -> 0 | F34: =E34*40 -> 0 | H34: - | J34: - | L34: - | M34: =SUM(G34:L34) -> 0 | N34: =M34*40 -> 0 | O34: - | P34: 71 | Q34: - | R34: - | S34: - | T34: - | U34: =SUM(O34:T34) -> 71 | V34: =U34*40 -> 2840 | X34: - | Z34: - | AC34: =SUM(W34:AB34) -> 0 | AD34: =AC34*40 -> 0 | AE34: - | AF34: - | AG34: - | AH34: - | AK34: =SUM(AE34:AJ34) -> 0 | AL34: =AK34*40 -> 0
B35: CTO SIMPLE | C35: 40 | E35: =SUM(C35:D35) -> 40 | F35: =E35*40 -> 1600 | G35: 35 | H35: 2 | I35: 60 | J35: 30 | L35: - | M35: =SUM(G35:L35) -> 127 | N35: =M35*40 -> 5080 | O35: 1 | P35: 50 | Q35: 13 | R35: - | S35: - | T35: 55 | U35: =SUM(O35:T35) -> 119 | V35: =U35*40 -> 4760 | W35: 9 | X35: - | Y35: 5 | Z35: - | AC35: =SUM(W35:AB35) -> 14 | AD35: =AC35*40 -> 560 | AE35: - | AF35: 24 | AG35: 3 | AH35: 44 | AI35: 20 | AK35: =SUM(AE35:AJ35) -> 91 | AL35: =AK35*40 -> 3640
B36: GRANJA X 40 KG | E36: =SUM(C36:D36) -> 0 | F36: =E36*76 -> 0 | H36: - | I36: - | J36: - | K36: 24 | L36: - | M36: =SUM(G36:L36) -> 24 | N36: =M36*76 -> 1824 | O36: - | P36: - | Q36: - | R36: - | S36: - | T36: - | U36: =SUM(O36:T36) -> 0 | V36: =U36*76 -> 0 | W36: - | X36: - | Z36: - | AB36: 38 | AC36: =SUM(W36:AB36) -> 38 | AD36: =AC36*76 -> 2888 | AE36: - | AF36: - | AG36: - | AH36: - | AK36: =SUM(AE36:AJ36) -> 0 | AL36: =AK36*76 -> 0
B37: GRANJA X 50 KG | E37: =SUM(C37:D37) -> 0 | F37: =E37*90 -> 0 | H37: - | I37: - | J37: - | L37: - | M37: =SUM(G37:L37) -> 0 | N37: =M37*90 -> 0 | O37: - | P37: - | Q37: - | R37: - | S37: - | T37: - | U37: =SUM(O37:T37) -> 0 | V37: =U37*90 -> 0 | W37: - | X37: - | Z37: - | AC37: =SUM(W37:AB37) -> 0 | AD37: =AC37*90 -> 0 | AE37: - | AF37: - | AG37: - | AH37: - | AK37: =SUM(AE37:AJ37) -> 0 | AL37: =AK37*90 -> 0
B38: CTO CON. POLLO | E38: =SUM(C38:D38) -> 0 | F38: =E38*91 -> 0 | H38: - | I38: - | J38: - | L38: - | M38: =SUM(G38:L38) -> 0 | N38: =M38*91 -> 0 | O38: - | P38: - | Q38: - | R38: - | S38: - | T38: - | U38: =SUM(O38:T38) -> 0 | V38: =U38*91 -> 0 | W38: - | X38: - | AC38: =SUM(W38:AB38) -> 0 | AD38: =AC38*91 -> 0 | AE38: - | AF38: - | AG38: - | AH38: - | AK38: =SUM(AE38:AJ38) -> 0 | AL38: =AK38*91 -> 0
B39: ENG CON. POLLO | E39: =SUM(C39:D39) -> 0 | F39: =E39*90 -> 0 | H39: - | I39: - | J39: - | L39: - | M39: =SUM(G39:L39) -> 0 | N39: =M39*90 -> 0 | O39: - | P39: - | Q39: - | R39: - | S39: - | T39: - | U39: =SUM(O39:T39) -> 0 | V39: =U39*90 -> 0 | X39: - | AC39: =SUM(W39:AB39) -> 0 | AD39: =AC39*90 -> 0 | AE39: - | AF39: - | AG39: - | AH39: - | AK39: =SUM(AE39:AJ39) -> 0 | AL39: =AK39*90 -> 0
B40: CERDO MANTTO | E40: =SUM(C40:D40) -> 0 | F40: =E40*76 -> 0 | H40: - | I40: - | J40: - | K40: 18 | L40: - | M40: =SUM(G40:L40) -> 18 | N40: =M40*76 -> 1368 | O40: - | P40: - | Q40: - | R40: - | S40: - | T40: - | U40: =SUM(O40:T40) -> 0 | V40: =U40*76 -> 0 | X40: - | AB40: 10 | AC40: =SUM(W40:AB40) -> 10 | AD40: =AC40*76 -> 760 | AE40: - | AF40: - | AG40: - | AH40: - | AK40: =SUM(AE40:AJ40) -> 0 | AL40: =AK40*76 -> 0
B41: CTO CERDO | E41: =SUM(C41:D41) -> 0 | F41: =E41*100 -> 0 | H41: - | I41: - | J41: - | L41: - | M41: =SUM(G41:L41) -> 0 | N41: =M41*100 -> 0 | O41: - | P41: - | Q41: - | R41: - | S41: - | T41: - | U41: =SUM(O41:T41) -> 0 | V41: =U41*100 -> 0 | AC41: =SUM(W41:AB41) -> 0 | AD41: =AC41*100 -> 0 | AE41: - | AF41: - | AG41: - | AH41: - | AK41: =SUM(AE41:AJ41) -> 0 | AL41: =AK41*100 -> 0
B42: ENG CERDO | E42: =SUM(C42:D42) -> 0 | F42: =E42*100 -> 0 | H42: - | I42: - | J42: - | L42: - | M42: =SUM(G42:L42) -> 0 | N42: =M42*100 -> 0 | O42: - | P42: - | Q42: - | R42: - | S42: - | T42: - | U42: =SUM(O42:T42) -> 0 | V42: =U42*100 -> 0 | AC42: =SUM(W42:AB42) -> 0 | AD42: =AC42*100 -> 0 | AE42: - | AF42: - | AG42: - | AH42: - | AK42: =SUM(AE42:AJ42) -> 0 | AL42: =AK42*100 -> 0
B43: POSTURA POLVO | E43: =SUM(C43:D43) -> 0 | F43: =E43*78 -> 0 | H43: - | I43: - | J43: - | K43: 14 | L43: - | M43: =SUM(G43:L43) -> 14 | N43: =M43*78 -> 1092 | O43: - | P43: - | Q43: - | R43: - | S43: - | T43: - | U43: =SUM(O43:T43) -> 0 | V43: =U43*78 -> 0 | AB43: 20 | AC43: =SUM(W43:AB43) -> 20 | AD43: =AC43*78 -> 1560 | AE43: - | AF43: - | AG43: - | AH43: - | AK43: =SUM(AE43:AJ43) -> 0 | AL43: =AK43*78 -> 0
B44: VITAOVO ANA | D44: 100 | E44: =SUM(C44:D44) -> 100 | F44: =E44*99 -> 9900 | H44: 40 | I44: - | J44: - | L44: - | M44: =SUM(G44:L44) -> 40 | N44: =M44*98 -> 3920 | O44: - | P44: 60 | Q44: - | R44: 100 | S44: - | T44: - | U44: =SUM(O44:T44) -> 160 | V44: =U44*99 -> 15840 | W44: 40 | X44: 15 | Z44: 67 | AC44: =SUM(W44:AB44) -> 122 | AD44: =AC44*96 -> 11712 | AE44: 25 | AF44: - | AG44: 80 | AH44: 10 | AI44: 48 | AK44: =SUM(AE44:AJ44) -> 163 | AL44: =AK44*96 -> 15648
B45: VITAOVO CARNE | D45: 37 | E45: =SUM(C45:D45) -> 37 | F45: =E45*101 -> 3737 | G45: 5 | H45: 1 | I45: - | J45: 30 | K45: 80 | L45: - | M45: =SUM(G45:L45) -> 116 | N45: =M45*100 -> 11600 | O45: - | Q45: - | S45: 50 | T45: - | U45: =SUM(O45:T45) -> 50 | V45: =U45*101 -> 5050 | AC45: =SUM(W45:AB45) -> 0 | AD45: =AC45*98 -> 0 | AE45: - | AF45: - | AI45: 65 | AK45: =SUM(AE45:AJ45) -> 65 | AL45: =AK45*98 -> 6370
B46: VITAOVO SIMPLE | D46: 10 | E46: =SUM(C46:D46) -> 10 | F46: =E46*99 -> 990 | G46: 8 | H46: 20 | I46: 21 | L46: 16 | M46: =SUM(G46:L46) -> 65 | N46: =M46*98 -> 6370 | O46: 8 | Q46: 15 | R46: 20 | T46: - | U46: =SUM(O46:T46) -> 43 | V46: =U46*99 -> 4257 | W46: 6 | Y46: 35 | Z46: 20 | AA46: 20 | AC46: =SUM(W46:AB46) -> 81 | AD46: =AC46*96 -> 7776 | AE46: 6 | AF46: 8 | AG46: 15 | AH46: 45 | AK46: =SUM(AE46:AJ46) -> 74 | AL46: =AK46*96 -> 7104
B47: AFRECHO | C47: 30 | D47: 29 | E47: =SUM(C47:D47) -> 59 | F47: =E47*50 -> 2950 | G47: 42 | H47: 89 | I47: 13 | J47: 25 | K47: 40 | L47: - | M47: =SUM(G47:L47) -> 209 | N47: =M47*50 -> 10450 | O47: 9 | P47: 20 | Q47: 80 | R47: 45 | S47: 21 | T47: 21 | U47: =SUM(O47:T47) -> 196 | V47: =U47*54 -> 10584 | W47: 45 | Y47: 75 | Z47: 38 | AC47: =SUM(W47:AB47) -> 158 | AD47: =AC47*54 -> 8532 | AE47: 61 | AF47: 44 | AG47: 90 | AH47: 15 | AI47: 54 | AK47: =SUM(AE47:AJ47) -> 264 | AL47: =AK47*54 -> 14256
E48: =SUM(E20:E43) -> 214 | F48: =SUM(F20:F43) -> 15905 | M48: =SUM(M20:M43) -> 332 | N48: =SUM(N20:N43) -> 21377 | U48: =SUM(U20:U43) -> 542 | V48: =SUM(V20:V43) -> 36138 | AC48: =SUM(AC20:AC43) -> 477 | AD48: =SUM(AD20:AD43) -> 38411 | AK48: =SUM(AK20:AK43) -> 157 | AL48: =SUM(AL20:AL43) -> 9152 | AN48: VITAOVO | AO48: =E51+M51+U51+AC51+AK51 -> 1126 | AP48: =AO49/AO48 -> 97.934281
AN49: VALOR M. | AO49: =F51+V51+N51+AD51+AL51 -> 110274
B50: ALIMENTO | E50: =E48+E19 -> 716 | F50: =F48+F19 -> 47980 | M50: =M48+M19 -> 1845 | N50: =N48+N19 -> 131753 | U50: =U48+U19 -> 1868 | V50: =V48+V19 -> 132303 | AC50: =AC48+AC19 -> 1644 | AD50: =AD48+AD19 -> 117354 | AE50: =AD50/AC50 -> 71.383212 | AJ50: =AL50/AK50 -> 71.3125 | AK50: =AK48+AK19 -> 960 | AL50: =AL48+AL19 -> 68460
B51: VITAOVO | E51: =SUM(E44:E46) -> 147 | F51: =SUM(F44:F46) -> 14627 | M51: =SUM(M44:M46) -> 221 | N51: =SUM(N44:N46) -> 21890 | U51: =SUM(U44:U46) -> 253 | V51: =SUM(V44:V46) -> 25147 | AC51: =SUM(AC44:AC46) -> 203 | AD51: =SUM(AD44:AD46) -> 19488 | AK51: =SUM(AK44:AK46) -> 302 | AL51: =SUM(AL44:AL46) -> 29122 | AN51: AFRECHO | AO51: =E52+U52+M52+AC52+AK52 -> 886 | AP51: =AO52/AO51 -> 52.790068
B52: AFRECHO | E52: =E47 -> 59 | F52: =F47 -> 2950 | M52: =M47 -> 209 | N52: =N47 -> 10450 | U52: =U47 -> 196 | V52: =V47 -> 10584 | AC52: =AC47 -> 158 | AD52: =AD47 -> 8532 | AK52: =AK47 -> 264 | AL52: =AL47 -> 14256 | AN52: VALOR M. | AO52: =V52+N52+F52+AD52+AL52 -> 46772
V53: =SUM(T53:U53) -> 0 | W53: =V53*50 -> 0
B55: ALIMENTO | C55: 45779 | D55: 45780 | E55: TOTAL | F55: MONTO | G55: 45782 | H55: 45783 | I55: 45784 | J55: 45785 | K55: 45786 | L55: 45787 | M55: TOTAL | N55: MONTO | O55: 45789 | P55: 45790 | Q55: 45791 | R55: 45792 | S55: 45793 | T55: 45794 | U55: TOTAL | V55: MONTO | W55: 45796 | X55: 45797 | Y55: 45798 | Z55: 45799 | AA55: 45800 | AB55: 45801 | AC55: TOTAL | AD55: MONTO | AE55: 45803 | AF55: 45804 | AG55: 45805 | AH55: 45806 | AI55: 45807 | AJ55: 45808 | AK55: TOTAL | AL55: MONTO
B56: MAIZ PARTIDO | C56: 115 | D56: 210 | E56: =SUM(C56:D56) -> 325 | F56: =E56*101 -> 32825 | G56: 62 | H56: 312 | I56: 86 | J56: 70 | K56: 85 | L56: 210 | M56: =SUM(G56:L56) -> 825 | N56: =M56*100 -> 82500 | O56: 52 | P56: 130 | Q56: 240 | R56: 227 | S56: 230 | T56: 305 | U56: =SUM(O56:T56) -> 1184 | V56: =U56*101 -> 119584 | W56: 185 | X56: 32 | Y56: 182 | Z56: 135 | AA56: 70 | AB56: 15 | AC56: =SUM(W56:AB56) -> 619 | AD56: =AC56*98 -> 60662 | AE56: 297 | AF56: 103 | AG56: 435 | AH56: 165 | AI56: 225 | AK56: =SUM(AE56:AJ56) -> 1225 | AL56: =AK56*98 -> 120050
B57: MAIZ ENTERO | C57: 108 | D57: 175 | E57: =SUM(C57:D57) -> 283 | F57: =E57*99 -> 28017 | G57: 155 | H57: 185 | I57: 38 | J57: 60 | K57: 115 | L57: 124 | M57: =SUM(G57:L57) -> 677 | N57: =M57*98 -> 66346 | O57: 39 | P57: 115 | Q57: 210 | R57: 142 | S57: 331 | T57: 190 | U57: =SUM(O57:T57) -> 1027 | V57: =U57*99 -> 101673 | W57: 172 | X57: 47 | Y57: 180 | Z57: 156 | AA57: 80 | AB57: 15 | AC57: =SUM(W57:AB57) -> 650 | AD57: =AC57*96 -> 62400 | AE57: 346 | AF57: 77 | AG57: 390 | AH57: 320 | AI57: 265 | AK57: =SUM(AE57:AJ57) -> 1398 | AL57: =AK57*96 -> 134208
B58: MAIZ REFINADO | C58: 14 | D58: 30 | E58: =SUM(C58:D58) -> 44 | F58: =E58*101 -> 4444 | G58: 3 | H58: 87 | I58: 21 | J58: 25 | K58: 40 | L58: 35 | M58: =SUM(G58:L58) -> 211 | N58: =M58*100 -> 21100 | O58: 6 | P58: - | Q58: 65 | R58: 54 | S58: 52 | T58: 36 | U58: =SUM(O58:T58) -> 213 | V58: =U58*101 -> 21513 | W58: 42 | X58: 8 | Y58: 30 | Z58: 38 | AA58: 10 | AB58: - | AC58: =SUM(W58:AB58) -> 128 | AD58: =AC58*98 -> 12544 | AE58: 41 | AF58: 5 | AG58: 55 | AH58: 15 | AI58: 35 | AK58: =SUM(AE58:AJ58) -> 151 | AL58: =AK58*98 -> 14798 | AN58: MAIZ | AO58: =E64+M64+U64+AC64+AK64 -> 8960 | AP58: =AO59/AO58 -> 98.511607 | AS58: =ABRIL!AO58-MAYO!AO58 -> 1469
B59: MAIZ INTEGRAL | C59: 2 | D59: - | E59: =SUM(C59:D59) -> 2 | F59: =E59*84 -> 168 | G59: 11 | H59: 7 | J59: 5 | K59: - | M59: =SUM(G59:L59) -> 23 | N59: =M59*83 -> 1909 | O59: 1 | P59: - | Q59: 4 | S59: 5 | T59: 8 | U59: =SUM(O59:T59) -> 18 | V59: =U59*84 -> 1512 | W59: 2 | X59: 1 | Y59: 4 | Z59: 4 | AB59: - | AC59: =SUM(W59:AB59) -> 11 | AD59: =AC59*82 -> 902 | AE59: 1 | AF59: 1 | AG59: 5 | AH59: 20 | AI59: 3 | AK59: =SUM(AE59:AJ59) -> 30 | AL59: =AK59*82 -> 2460 | AN59: VALOR M. | AO59: =F64+N64+V64+AD64+AL64 -> 882664
B60: TRIGO | C60: 62 | D60: 20 | E60: =SUM(C60:D60) -> 82 | F60: =E60*100 -> 8200 | G60: 84 | H60: 77 | I60: 45 | K60: 85 | M60: =SUM(G60:L60) -> 291 | N60: =M60*100 -> 29100 | O60: 146 | P60: 30 | Q60: 52 | R60: 82 | S60: 77 | T60: 59 | U60: =SUM(O60:T60) -> 446 | V60: =U60*100 -> 44600 | W60: 41 | X60: 26 | Y60: 30 | Z60: 81 | AB60: 40 | AC60: =SUM(W60:AB60) -> 218 | AD60: =AC60*100 -> 21800 | AE60: 40 | AF60: 80 | AH60: 60 | AI60: 158 | AK60: =SUM(AE60:AJ60) -> 338 | AL60: =AK60*100 -> 33800
B61: SOYA | E61: =SUM(C61:D61) -> 0 | F61: =E61*115 -> 0 | G61: 1 | K61: 5 | M61: =SUM(G61:L61) -> 6 | N61: =M61*115 -> 690 | T61: 1 | U61: =SUM(O61:T61) -> 1 | V61: =U61*115 -> 115 | AC61: =SUM(W61:AB61) -> 0 | AD61: =AC61*115 -> 0 | AI61: 1 | AK61: =SUM(AE61:AJ61) -> 1 | AL61: =AK61*115 -> 115 | AN61: TRIGO | AO61: =E60+M60+U60+AC60+AK60 -> 1375 | AP61: =AO62/AO61 -> 100
E62: =SUM(E56:E61) -> 736 | F62: =SUM(F56:F61) -> 73654 | M62: =SUM(M56:M61) -> 2033 | N62: =SUM(N56:N61) -> 201645 | U62: =SUM(U56:U61) -> 2889 | V62: =SUM(V56:V61) -> 288997 | AC62: =SUM(AC56:AC61) -> 1626 | AD62: =SUM(AD56:AD61) -> 158308 | AK62: =SUM(AK56:AK61) -> 3143 | AL62: =SUM(AL56:AL61) -> 305431 | AN62: VALOR M. | AO62: =AL60+F60+N60+V60+AD60 -> 137500
E64: =E56+E57+E58 -> 652 | F64: =F56+F57+F58 -> 65286 | M64: =M56+M57+M58 -> 1713 | N64: =N56+N57+N58 -> 169946 | U64: =U56+U57+U58 -> 2424 | V64: =V56+V57+V58 -> 242770 | AC64: =AC56+AC57+AC58 -> 1397 | AD64: =AD56+AD57+AD58 -> 135606 | AK64: =AK56+AK57+AK58 -> 2774 | AL64: =AL56+AL57+AL58 -> 269056
AN66: VENTA TOTAL | AO66: =AO62+AO59+AO20 -> 1518014
F1964: 30…0.

Sheet JUNIO
B3: ALIMENTO | C3: 45810 | D3: 45811 | E3: 45812 | F3: 45813 | G3: 45814 | H3: 45815 | I3: SUB TOTAL | J3: MONTO | K3: 45817 | L3: 45818 | M3: 45819 | N3: 45820 | O3: 45821 | P3: 45822 | Q3: SUB TOTAL | R3: MONTO | S3: 45824 | T3: 45825 | U3: 45826 | V3: 45827 | W3: 45828 | X3: 45829 | Y3: SUB TOTAL | Z3: MONTO | AA3: 45831 | AB3: 45832 | AC3: 45833 | AD3: 45834 | AE3: 45835 | AF3: 45836 | AG3: 45838 | AH3: SUB TOTAL | AI3: MONTO | AP3: MES : JUNIO
B4: ENG CARNE | C4: 38 | D4: 72 | E4: 45 | F4: 120 | G4: 65 | I4: =SUM(C4:H4) -> 340 | J4: =I4*60 -> 20400 | K4: 10 | L4: 66 | M4: 20 | N4: 70 | O4: 85 | P4: 25 | Q4: =SUM(K4:P4) -> 276 | R4: =Q4*60 -> 16560 | S4: 12 | T4: 16 | U4: 77 | V4: 40 | W4: 40 | X4: 76 | Y4: =SUM(S4:X4) -> 261 | Z4: =Y4*60 -> 15660 | AA4: 1 | AB4: 34 | AC4: 6 | AD4: 90 | AE4: 25 | AG4: 96 | AH4: =SUM(AA4:AG4) -> 252 | AI4: =AH4*60 -> 15120 | AP4: ALIMENTOS | AQ4: =AL19 -> 6737
B5: CTO CARNE | C5: 11 | D5: 30 | E5: 44 | F5: 61 | G5: 45 | I5: =SUM(C5:H5) -> 191 | J5: =I5*60 -> 11460 | K5: 170 | L5: 43 | M5: 13 | N5: 89 | O5: 55 | P5: 24 | Q5: =SUM(K5:P5) -> 394 | R5: =Q5*60 -> 23640 | S5: 17 | T5: 24 | U5: 61 | V5: 10 | W5: 35 | X5: 70 | Y5: =SUM(S5:X5) -> 217 | Z5: =Y5*60 -> 13020 | AA5: 50 | AB5: 40 | AC5: 30 | AD5: 55 | AE5: 35 | AG5: 6 | AH5: =SUM(AA5:AG5) -> 216 | AI5: =AH5*60 -> 12960 | AP5: VALOR M. | AQ5: =AL20 -> 488658
B6: INICIO CARNE | C6: 1 | D6: 5 | E6: 10 | F6: 12 | G6: 10 | I6: =SUM(C6:H6) -> 38 | J6: =I6*61 -> 2318 | K6: - | L6: 1 | M6: 10 | N6: - | O6: 11 | P6: 4 | Q6: =SUM(K6:P6) -> 26 | R6: =Q6*61 -> 1586 | S6: 5 | T6: 1 | U6: 4 | V6: 5 | W6: 5 | X6: - | Y6: =SUM(S6:X6) -> 20 | Z6: =Y6*61 -> 1220 | AA6: - | AB6: - | AC6: 20 | AD6: 15 | AE6: 1 | AF6: 1 | AH6: =SUM(AA6:AG6) -> 37 | AI6: =AH6*61 -> 2257 | AP6: VITAOVO | AQ6: =AL48 -> 968
B7: CONEJO | C7: 17 | D7: 5 | E7: 15 | F7: 49 | G7: 5 | I7: =SUM(C7:H7) -> 91 | J7: =I7*60 -> 5460 | K7: 10 | L7: 11 | M7: 10 | N7: - | O7: 41 | P7: 5 | Q7: =SUM(K7:P7) -> 77 | R7: =Q7*60 -> 4620 | S7: 11 | T7: 5 | U7: - | V7: - | W7: 23 | X7: 45 | Y7: =SUM(S7:X7) -> 84 | Z7: =Y7*60 -> 5040 | AA7: - | AB7: 17 | AC7: 15 | AD7: 15 | AG7: 1 | AH7: =SUM(AA7:AG7) -> 48 | AI7: =AH7*60 -> 2880 | AP7: VALOR M. | AQ7: =AL49 -> 90713
B8: CUY | C8: 9 | D8: 11 | E8: 5 | F8: 49 | G8: 25 | I8: =SUM(C8:H8) -> 99 | J8: =I8*60 -> 5940 | K8: 15 | L8: 4 | M8: - | N8: 9 | O8: 73 | P8: - | Q8: =SUM(K8:P8) -> 101 | R8: =Q8*60 -> 6060 | S8: 2 | T8: 21 | U8: 5 | V8: 15 | W8: 16 | X8: - | Y8: =SUM(S8:X8) -> 59 | Z8: =Y8*60 -> 3540 | AA8: - | AB8: - | AC8: 20 | AD8: 37 | AG8: 3 | AH8: =SUM(AA8:AG8) -> 60 | AI8: =AH8*60 -> 3600 | AP8: AFRECHO | AQ8: =AL51 -> 813
B9: CON POLLO | C9: 7 | D9: 60 | E9: 11 | F9: 25 | G9: 13 | I9: =SUM(C9:H9) -> 116 | J9: =I9*60 -> 6960 | K9: - | L9: 1 | M9: - | N9: 21 | O9: - | P9: 4 | Q9: =SUM(K9:P9) -> 26 | R9: =Q9*60 -> 1560 | S9: 2 | T9: 2 | U9: 2 | V9: - | W9: - | X9: 17 | Y9: =SUM(S9:X9) -> 23 | Z9: =Y9*60 -> 1380 | AA9: 4 | AB9: 15 | AC9: - | AD9: 47 | AF9: 5 | AG9: 13 | AH9: =SUM(AA9:AG9) -> 84 | AI9: =AH9*60 -> 5040 | AP9: VALOR M. | AQ9: =AL52 -> 45528
B10: CON CUY | C10: 3 | D10: 10 | E10: 8 | F10: 13 | G10: 10 | H10: 2 | I10: =SUM(C10:H10) -> 46 | J10: =I10*60 -> 2760 | K10: 5 | L10: 17 | M10: 1 | N10: 36 | O10: 1 | P10: - | Q10: =SUM(K10:P10) -> 60 | R10: =Q10*60 -> 3600 | S10: 2 | T10: 2 | U10: 7 | V10: 8 | W10: 5 | X10: 20 | Y10: =SUM(S10:X10) -> 44 | Z10: =Y10*60 -> 2640 | AA10: 8 | AB10: 30 | AC10: 5 | AD10: 21 | AF10: 9 | AG10: 14 | AH10: =SUM(AA10:AG10) -> 87 | AI10: =AH10*60 -> 5220 | AP10: MAIZ | AQ10: =AL58 -> 10268
B11: VERDE | C11: 1 | D11: 1 | E11: 1 | F11: 11 | G11: 6 | I11: =SUM(C11:H11) -> 20 | J11: =I11*65 -> 1300 | K11: 30 | L11: 1 | M11: 3 | N11: 2 | P11: - | Q11: =SUM(K11:P11) -> 36 | R11: =Q11*65 -> 2340 | T11: - | U11: - | V11: - | W11: 2 | X11: - | Y11: =SUM(S11:X11) -> 2 | Z11: =Y11*65 -> 130 | AA11: - | AC11: - | AD11: - | AG11: 1 | AH11: =SUM(AA11:AG11) -> 1 | AI11: =AH11*65 -> 65 | AP11: VALOR M. | AQ11: =AL59 -> 970705
B12: ROJO | C12: 1 | D12: - | E12: 1 | F12: 10 | G12: 6 | I12: =SUM(C12:H12) -> 18 | J12: =I12*65 -> 1170 | K12: 15 | L12: 2 | M12: - | N12: 2 | P12: 1 | Q12: =SUM(K12:P12) -> 20 | R12: =Q12*65 -> 1300 | S12: 2 | T12: 2 | U12: - | V12: 5 | W12: 7 | X12: 3 | Y12: =SUM(S12:X12) -> 19 | Z12: =Y12*65 -> 1235 | AA12: 1 | AC12: 1 | AD12: - | AF12: 1 | AH12: =SUM(AA12:AG12) -> 3 | AI12: =AH12*65 -> 195 | AP12: TRIGO | AQ12: =AL61 -> 1773
B13: POLLON | C13: 21 | D13: 109 | E13: 20 | F13: 86 | G13: 57 | I13: =SUM(C13:H13) -> 293 | J13: =I13*95 -> 27835 | K13: 24 | L13: 45 | M13: - | N13: 16 | O13: 17 | P13: 10 | Q13: =SUM(K13:P13) -> 112 | R13: =Q13*95 -> 10640 | S13: 32 | T13: 32 | U13: 16 | W13: 41 | X13: 150 | Y13: =SUM(S13:X13) -> 271 | Z13: =Y13*95 -> 25745 | AA13: 38 | AB13: 40 | AC13: 74 | AD13: 20 | AG13: 35 | AH13: =SUM(AA13:AG13) -> 207 | AI13: =AH13*95 -> 19665 | AP13: VALOR M. | AQ13: =AL62 -> 177300
B14: CTO POLLON | C14: 21 | D14: 6 | E14: 30 | F14: 90 | G14: - | I14: =SUM(C14:H14) -> 147 | J14: =I14*105 -> 15435 | K14: 65 | L14: 40 | N14: 52 | O14: 25 | P14: 15 | Q14: =SUM(K14:P14) -> 197 | R14: =Q14*105 -> 20685 | S14: 1 | T14: 28 | U14: 26 | W14: 21 | X14: 25 | Y14: =SUM(S14:X14) -> 101 | Z14: =Y14*105 -> 10605 | AA14: 41 | AB14: 15 | AC14: 1 | AD14: 25 | AG14: 41 | AH14: =SUM(AA14:AG14) -> 123 | AI14: =AH14*105 -> 12915
B15: INICIO POLLON | C15: 1 | D15: 1 | E15: - | F15: 7 | G15: 1 | I15: =SUM(C15:H15) -> 10 | J15: =I15*110 -> 1100 | K15: 25 | L15: 4 | N15: 5 | O15: 2 | Q15: =SUM(K15:P15) -> 36 | R15: =Q15*110 -> 3960 | T15: 5 | W15: 6 | X15: 20 | Y15: =SUM(S15:X15) -> 31 | Z15: =Y15*110 -> 3410 | AB15: 6 | AD15: 5 | AG15: 10 | AH15: =SUM(AA15:AG15) -> 21 | AI15: =AH15*110 -> 2310 | AP15: MAIZ B12 | AQ15: 298470
B16: DORIMICYN | C16: - | D16: - | E16: - | F16: 2 | G16: 4 | I16: =SUM(C16:H16) -> 6 | J16: =I16*70 -> 420 | L16: 1 | O16: 8 | Q16: =SUM(K16:P16) -> 9 | R16: =Q16*70 -> 630 | S16: 1 | W16: 6 | Y16: =SUM(S16:X16) -> 7 | Z16: =Y16*70 -> 490 | AE16: 1 | AG16: 1 | AH16: =SUM(AA16:AG16) -> 2 | AI16: =AH16*70 -> 140
B17: CTO SIMPLE | C17: - | E17: - | I17: =SUM(C17:H17) -> 0 | J17: =I17*0 -> 0 | Q17: =SUM(K17:P17) -> 0 | R17: =Q17*0 -> 0 | S17: - | V17: - | X17: - | Y17: =SUM(S17:X17) -> 0 | Z17: =Y17*0 -> 0 | AA17: - | AB17: - | AC17: - | AD17: - | AE17: - | AH17: =SUM(AA17:AG17) -> 0 | AI17: =AH17*0 -> 0
B18: CTO ANA | C18: - | E18: - | I18: =SUM(C18:H18) -> 0 | J18: =I18*0 -> 0 | Q18: =SUM(K18:P18) -> 0 | R18: =Q18*0 -> 0 | S18: - | V18: - | W18: - | X18: - | Y18: =SUM(S18:X18) -> 0 | Z18: =Y18*0 -> 0 | AA18: - | AB18: - | AD18: - | AE18: - | AH18: =SUM(AA18:AG18) -> 0 | AI18: =AH18*0 -> 0
I19: =SUM(I4:I16) -> 1415 | J19: =SUM(J4:J16) -> 102558 | Q19: =SUM(Q4:Q16) -> 1370 | R19: =SUM(R4:R16) -> 97181 | Y19: =SUM(Y4:Y16) -> 1139 | Z19: =SUM(Z4:Z16) -> 84115 | AH19: =SUM(AH4:AH16) -> 1141 | AI19: =SUM(AI4:AI16) -> 82367 | AK19: ALIMENTOS | AL19: =I50+Q50+Y50+AH50 -> 6737 | AM19: =AL20/AL19 -> 72.533472
B20: CTO BLANCO | C20: 10 | D20: 15 | E20: 10 | F20: 20 | G20: 12 | I20: =SUM(C20:H20) -> 67 | J20: =I20*85 -> 5695 | L20: 5 | N20: 20 | O20: 70 | Q20: =SUM(K20:P20) -> 95 | R20: =Q20*85 -> 8075 | W20: 22 | Y20: =SUM(S20:X20) -> 22 | Z20: =Y20*85 -> 1870 | AB20: 8 | AC20: - | AD20: 25 | AH20: =SUM(AA20:AG20) -> 33 | AI20: =AH20*98 -> 3234 | AK20: VALOR M. | AL20: =J50+R50+Z50+AI50 -> 488658
B21: ENG BLANCO | C21: - | D21: 5 | E21: 40 | F21: 30 | G21: 10 | I21: =SUM(C21:H21) -> 85 | J21: =I21*84 -> 7140 | K21: 15 | L21: 5 | O21: 66 | Q21: =SUM(K21:P21) -> 86 | R21: =Q21*84 -> 7224 | T21: 15 | W21: 45 | Y21: =SUM(S21:X21) -> 60 | Z21: =Y21*84 -> 5040 | AA21: - | AB21: - | AC21: - | AD21: 20 | AE21: 15 | AH21: =SUM(AA21:AG21) -> 35 | AI21: =AH21*96 -> 3360
B22: INICIO BLANCO | C22: 5 | D22: - | E22: - | F22: 4 | G22: 3 | H22: 38 | I22: =SUM(C22:H22) -> 50 | J22: =I22*85 -> 4250 | Q22: =SUM(K22:P22) -> 0 | R22: =Q22*85 -> 0 | Y22: =SUM(S22:X22) -> 0 | Z22: =Y22*85 -> 0 | AA22: - | AB22: 15 | AC22: - | AD22: 6 | AF22: 15 | AG22: 2 | AH22: =SUM(AA22:AG22) -> 38 | AI22: =AH22*98 -> 3724 | AN22: =MAYO!AO19-JUNIO!AL19 -> 296
B23: PRE BLANCO | C23: 3 | D23: 6 | E23: 15 | F23: 14 | G23: 3 | I23: =SUM(C23:H23) -> 41 | J23: =I23*85 -> 3485 | N23: 6 | O23: 3 | Q23: =SUM(K23:P23) -> 9 | R23: =Q23*85 -> 765 | S23: 4 | T23: 10 | W23: 5 | Y23: =SUM(S23:X23) -> 19 | Z23: =Y23*85 -> 1615 | AA23: - | AB23: 10 | AC23: - | AD23: 15 | AG23: 5 | AH23: =SUM(AA23:AG23) -> 30 | AI23: =AH23*82 -> 2460
B24: CTO AMARILLO | E24: - | I24: =SUM(C24:H24) -> 0 | J24: =I24*85 -> 0 | N24: 1 | Q24: =SUM(K24:P24) -> 1 | R24: =Q24*85 -> 85 | Y24: =SUM(S24:X24) -> 0 | Z24: =Y24*85 -> 0 | AA24: - | AB24: - | AC24: - | AD24: - | AH24: =SUM(AA24:AG24) -> 0 | AI24: =AH24*100 -> 0 | AK24: LINEA GALLO
B25: ENG AMARILLO | E25: 15 | I25: =SUM(C25:H25) -> 15 | J25: =I25*84 -> 1260 | Q25: =SUM(K25:P25) -> 0 | R25: =Q25*84 -> 0 | Y25: =SUM(S25:X25) -> 0 | Z25: =Y25*84 -> 0 | AA25: - | AB25: - | AC25: - | AD25: - | AH25: =SUM(AA25:AG25) -> 0 | AI25: =AH25*115 -> 0 | AK25: POLLON | AL25: =I13+Q13+Y13+AH13 -> 883
B26: INICIO AMARILLO | C26: 2 | I26: =SUM(C26:H26) -> 2 | J26: =I26*85 -> 170 | Q26: =SUM(K26:P26) -> 0 | R26: =Q26*85 -> 0 | Y26: =SUM(S26:X26) -> 0 | Z26: =Y26*85 -> 0 | AA26: - | AB26: - | AC26: - | AD26: - | AH26: =SUM(AA26:AG26) -> 0 | AI26: =AH26*85 -> 0 | AK26: POLLON CTO | AL26: =I14+Q14+Y14+AH14 -> 568
B27: PRE AMARILLO | I27: =SUM(C27:H27) -> 0 | J27: =I27*85 -> 0 | Q27: =SUM(K27:P27) -> 0 | R27: =Q27*85 -> 0 | Y27: =SUM(S27:X27) -> 0 | Z27: =Y27*85 -> 0 | AA27: - | AB27: - | AH27: =SUM(AA27:AG27) -> 0 | AI27: =AH27*85 -> 0 | AK27: POLLON INICIO | AL27: =I15+Q15+Y15+AH15 -> 98
B28: CUY VITA | F28: 5 | I28: =SUM(C28:H28) -> 5 | J28: =I28*75 -> 375 | K28: 4 | M28: 10 | N28: 3 | O28: 2 | P28: 8 | Q28: =SUM(K28:P28) -> 27 | R28: =Q28*75 -> 2025 | U28: 10 | Y28: =SUM(S28:X28) -> 10 | Z28: =Y28*75 -> 750 | AA28: - | AB28: - | AD28: 8 | AH28: =SUM(AA28:AG28) -> 8 | AI28: =AH28*75 -> 600 | AL28: =SUM(AL25:AL27) -> 1549
B29: CONEJO VITA | F29: 5 | G29: 5 | I29: =SUM(C29:H29) -> 10 | J29: =I29*75 -> 750 | N29: 3 | O29: 1 | P29: 12 | Q29: =SUM(K29:P29) -> 16 | R29: =Q29*75 -> 1200 | Y29: =SUM(S29:X29) -> 0 | Z29: =Y29*75 -> 0 | AA29: - | AB29: - | AC29: 11 | AH29: =SUM(AA29:AG29) -> 11 | AI29: =AH29*75 -> 825
B30: POSTURA | C30: 17 | E30: 15 | F30: 21 | G30: 5 | H30: 250 | I30: =SUM(C30:H30) -> 308 | J30: =I30*78 -> 24024 | K30: 10 | L30: 4 | O30: 30 | Q30: =SUM(K30:P30) -> 44 | R30: =Q30*78 -> 3432 | S30: 3 | T30: 3 | W30: 3 | Y30: =SUM(S30:X30) -> 9 | Z30: =Y30*78 -> 702 | AA30: 10 | AB30: 4 | AD30: 20 | AF30: 10 | AG30: 1 | AH30: =SUM(AA30:AG30) -> 45 | AI30: =AH30*78 -> 3510
B31: POSTURA ECO. | I31: =SUM(C31:H31) -> 0 | J31: =I31*70 -> 0 | Q31: =SUM(K31:P31) -> 0 | R31: =Q31*70 -> 0 | Y31: =SUM(S31:X31) -> 0 | Z31: =Y31*70 -> 0 | AA31: - | AB31: - | AH31: =SUM(AA31:AG31) -> 0 | AI31: =AH31*70 -> 0
B32: ROJO PROVINCIA | I32: =SUM(C32:H32) -> 0 | J32: =I32*60 -> 0 | Q32: =SUM(K32:P32) -> 0 | R32: =Q32*60 -> 0 | T32: - | V32: - | Y32: =SUM(S32:X32) -> 0 | Z32: =Y32*60 -> 0 | AA32: - | AB32: - | AH32: =SUM(AA32:AG32) -> 0 | AI32: =AH32*60 -> 0
B33: VERDE PROVINCIA | I33: =SUM(C33:H33) -> 0 | J33: =I33*60 -> 0 | Q33: =SUM(K33:P33) -> 0 | R33: =Q33*60 -> 0 | T33: - | V33: - | Y33: =SUM(S33:X33) -> 0 | Z33: =Y33*60 -> 0 | AA33: - | AB33: - | AH33: =SUM(AA33:AG33) -> 0 | AI33: =AH33*60 -> 0
B34: ENG SIMPLE | I34: =SUM(C34:H34) -> 0 | J34: =I34*40 -> 0 | Q34: =SUM(K34:P34) -> 0 | R34: =Q34*40 -> 0 | T34: - | V34: - | W34: 72 | Y34: =SUM(S34:X34) -> 72 | Z34: =Y34*40 -> 2880 | AA34: - | AB34: - | AH34: =SUM(AA34:AG34) -> 0 | AI34: =AH34*40 -> 0
B35: CTO SIMPLE | C35: 1 | F35: 61 | G35: 12 | I35: =SUM(C35:H35) -> 74 | J35: =I35*40 -> 2960 | L35: 10 | N35: 10 | Q35: =SUM(K35:P35) -> 20 | R35: =Q35*40 -> 800 | S35: 1 | T35: 10 | V35: 17 | W35: 94 | Y35: =SUM(S35:X35) -> 122 | Z35: =Y35*40 -> 4880 | AA35: - | AG35: 71 | AH35: =SUM(AA35:AG35) -> 71 | AI35: =AH35*40 -> 2840
B36: GRANJA X 40 KG | I36: =SUM(C36:H36) -> 0 | J36: =I36*76 -> 0 | O36: 36 | Q36: =SUM(K36:P36) -> 36 | R36: =Q36*76 -> 2736 | W36: 41 | Y36: =SUM(S36:X36) -> 41 | Z36: =Y36*76 -> 3116 | AA36: - | AB36: - | AH36: =SUM(AA36:AG36) -> 0 | AI36: =AH36*76 -> 0
B37: GRANJA X 50 KG | G37: 5 | I37: =SUM(C37:H37) -> 5 | J37: =I37*90 -> 450 | Q37: =SUM(K37:P37) -> 0 | R37: =Q37*90 -> 0 | Y37: =SUM(S37:X37) -> 0 | Z37: =Y37*90 -> 0 | AA37: - | AB37: - | AH37: =SUM(AA37:AG37) -> 0 | AI37: =AH37*90 -> 0
B38: CTO CON. POLLO | I38: =SUM(C38:H38) -> 0 | J38: =I38*91 -> 0 | Q38: =SUM(K38:P38) -> 0 | R38: =Q38*91 -> 0 | Y38: =SUM(S38:X38) -> 0 | Z38: =Y38*91 -> 0 | AA38: - | AB38: - | AC38: - | AD38: - | AH38: =SUM(AA38:AG38) -> 0 | AI38: =AH38*91 -> 0
B39: ENG CON. POLLO | I39: =SUM(C39:H39) -> 0 | J39: =I39*90 -> 0 | Q39: =SUM(K39:P39) -> 0 | R39: =Q39*90 -> 0 | Y39: =SUM(S39:X39) -> 0 | Z39: =Y39*90 -> 0 | AA39: - | AB39: - | AC39: - | AD39: - | AH39: =SUM(AA39:AG39) -> 0 | AI39: =AH39*90 -> 0
B40: CERDO MANTTO | I40: =SUM(C40:H40) -> 0 | J40: =I40*76 -> 0 | O40: 17 | Q40: =SUM(K40:P40) -> 17 | R40: =Q40*76 -> 1292 | Y40: =SUM(S40:X40) -> 0 | Z40: =Y40*76 -> 0 | AA40: - | AB40: - | AC40: - | AD40: - | AH40: =SUM(AA40:AG40) -> 0 | AI40: =AH40*76 -> 0
B41: CTO CERDO | G41: 12 | I41: =SUM(C41:H41) -> 12 | J41: =I41*100 -> 1200 | Q41: =SUM(K41:P41) -> 0 | R41: =Q41*100 -> 0 | Y41: =SUM(S41:X41) -> 0 | Z41: =Y41*100 -> 0 | AA41: - | AB41: - | AC41: - | AD41: - | AH41: =SUM(AA41:AG41) -> 0 | AI41: =AH41*100 -> 0
B42: ENG CERDO | I42: =SUM(C42:H42) -> 0 | J42: =I42*100 -> 0 | Q42: =SUM(K42:P42) -> 0 | R42: =Q42*100 -> 0 | Y42: =SUM(S42:X42) -> 0 | Z42: =Y42*100 -> 0 | AA42: - | AB42: - | AC42: - | AD42: - | AH42: =SUM(AA42:AG42) -> 0 | AI42: =AH42*100 -> 0
B43: POSTURA POLVO | I43: =SUM(C43:H43) -> 0 | J43: =I43*78 -> 0 | Q43: =SUM(K43:P43) -> 0 | R43: =Q43*78 -> 0 | W43: 21 | Y43: =SUM(S43:X43) -> 21 | Z43: =Y43*78 -> 1638 | AA43: - | AB43: - | AC43: - | AD43: - | AH43: =SUM(AA43:AG43) -> 0 | AI43: =AH43*78 -> 0
B44: VITAOVO ANA | C44: 40 | E44: 15 | G44: 135 | I44: =SUM(C44:H44) -> 190 | J44: =I44*94 -> 17860 | L44: 58 | N44: 60 | Q44: =SUM(K44:P44) -> 118 | R44: =Q44*94 -> 11092 | S44: 40 | V44: 30 | W44: 71 | Y44: =SUM(S44:X44) -> 141 | Z44: =Y44*93 -> 13113 | AA44: 14 | AB44: 90 | AD44: 36 | AH44: =SUM(AA44:AG44) -> 140 | AI44: =AH44*93 -> 13020
B45: VITAOVO CARNE | E45: 20 | I45: =SUM(C45:H45) -> 20 | J45: =I45*96 -> 1920 | Q45: =SUM(K45:P45) -> 0 | R45: =Q45*96 -> 0 | X45: 36 | Y45: =SUM(S45:X45) -> 36 | Z45: =Y45*95 -> 3420 | AF45: 20 | AG45: 43 | AH45: =SUM(AA45:AG45) -> 63 | AI45: =AH45*95 -> 5985
B46: VITAOVO SIMPLE | C46: 9 | D46: 23 | F46: 60 | I46: =SUM(C46:H46) -> 92 | J46: =I46*94 -> 8648 | K46: 2 | L46: 9 | M46: 20 | N46: - | Q46: =SUM(K46:P46) -> 31 | R46: =Q46*94 -> 2914 | S46: 41 | T46: 5 | U46: 6 | X46: 25 | Y46: =SUM(S46:X46) -> 77 | Z46: =Y46*93 -> 7161 | AA46: 27 | AC46: 10 | AE46: 15 | AG46: 8 | AH46: =SUM(AA46:AG46) -> 60 | AI46: =AH46*93 -> 5580
B47: AFRECHO | C47: 5 | E47: 50 | F47: 53 | G47: 30 | I47: =SUM(C47:H47) -> 138 | J47: =I47*56 -> 7728 | K47: 40 | L47: 144 | M47: 20 | N47: 52 | P47: 20 | Q47: =SUM(K47:P47) -> 276 | R47: =Q47*56 -> 15456 | S47: 13 | T47: 7 | U47: 38 | V47: 80 | W47: 43 | X47: 50 | Y47: =SUM(S47:X47) -> 231 | Z47: =Y47*56 -> 12936 | AA47: 37 | AB47: 34 | AC47: 4 | AD47: 33 | AE47: 30 | AF47: 15 | AG47: 15 | AH47: =SUM(AA47:AG47) -> 168 | AI47: =AH47*56 -> 9408
I48: =SUM(I20:I43) -> 674 | J48: =SUM(J20:J43) -> 51759 | Q48: =SUM(Q20:Q43) -> 351 | R48: =SUM(R20:R43) -> 27634 | Y48: =SUM(Y20:Y43) -> 376 | Z48: =SUM(Z20:Z43) -> 22491 | AH48: =SUM(AH20:AH43) -> 271 | AI48: =SUM(AI20:AI43) -> 20553 | AK48: VITAOVO | AL48: =I51+Q51+Y51+AH51 -> 968 | AM48: =AL49/AL48 -> 93.711777
AK49: VALOR M. | AL49: =R51+J51+Z51+AI51 -> 90713
B50: ALIMENTO | I50: =I48+I19 -> 2089 | J50: =J48+J19 -> 154317 | Q50: =Q48+Q19 -> 1721 | R50: =R48+R19 -> 124815 | Y50: =Y48+Y19 -> 1515 | Z50: =Z48+Z19 -> 106606 | AA50: =Z50/Y50 -> 70.366997 | AF50: =AI50/AH50 -> 72.889518 | AH50: =AH48+AH19 -> 1412 | AI50: =AI48+AI19 -> 102920
B51: VITAOVO | I51: =SUM(I44:I46) -> 302 | J51: =SUM(J44:J46) -> 28428 | Q51: =SUM(Q44:Q46) -> 149 | R51: =SUM(R44:R46) -> 14006 | Y51: =SUM(Y44:Y46) -> 254 | Z51: =SUM(Z44:Z46) -> 23694 | AH51: =SUM(AH44:AH46) -> 263 | AI51: =SUM(AI44:AI46) -> 24585 | AK51: AFRECHO | AL51: =Q52+I52+Y52+AH52 -> 813 | AM51: =AL52/AL51 -> 56
B52: AFRECHO | I52: =I47 -> 138 | J52: =J47 -> 7728 | Q52: =Q47 -> 276 | R52: =R47 -> 15456 | Y52: =Y47 -> 231 | Z52: =Z47 -> 12936 | AH52: =AH47 -> 168 | AI52: =AI47 -> 9408 | AK52: VALOR M. | AL52: =R52+J52+Z52+AI52 -> 45528
R53: =SUM(P53:Q53) -> 0 | S53: =R53*50 -> 0
B55: ALIMENTO | C55: 45782 | D55: 45783 | E55: 45784 | F55: 45785 | G55: 45786 | H55: 45787 | I55: TOTAL | J55: MONTO | K55: 45817 | L55: 45818 | M55: 45819 | N55: 45820 | O55: 45821 | P55: 45822 | Q55: TOTAL | R55: MONTO | S55: 45824 | T55: 45825 | U55: 45826 | V55: 45827 | W55: 45828 | X55: 45829 | Y55: TOTAL | Z55: MONTO | AA55: 45831 | AB55: 45832 | AC55: 45833 | AD55: 45834 | AE55: 45835 | AF55: 45836 | AG55: 45838 | AH55: TOTAL | AI55: MONTO
B56: MAIZ PARTIDO | C56: 149 | D56: 154 | E56: 375 | F56: 140 | G56: 250 | H56: - | I56: =SUM(C56:H56) -> 1068 | J56: =I56*96 -> 102528 | K56: 155 | L56: 289 | M56: 220 | N56: 162 | P56: 205 | Q56: =SUM(K56:P56) -> 1031 | R56: =Q56*96 -> 98976 | S56: 338 | T56: 377 | U56: 51 | V56: 100 | W56: 230 | X56: 299 | Y56: =SUM(S56:X56) -> 1395 | Z56: =Y56*95 -> 132525 | AA56: 157 | AB56: 106 | AC56: 80 | AD56: 175 | AE56: 140 | AF56: 135 | AG56: 204 | AH56: =SUM(AA56:AG56) -> 997 | AI56: =AH56*95 -> 94715
B57: MAIZ ENTERO | C57: 151 | D57: 108 | E57: 430 | F57: 175 | G57: 290 | H57: - | I57: =SUM(C57:H57) -> 1154 | J57: =I57*94 -> 108476 | K57: 183 | L57: 260 | M57: 240 | N57: 140 | P57: 125 | Q57: =SUM(K57:P57) -> 948 | R57: =Q57*94 -> 89112 | S57: 364 | T57: 272 | U57: 54 | V57: 130 | W57: 310 | X57: 325 | Y57: =SUM(S57:X57) -> 1455 | Z57: =Y57*93 -> 135315 | AA57: 227 | AB57: 201 | AC57: 125 | AD57: 195 | AE57: 80 | AF57: 165 | AG57: 208 | AH57: =SUM(AA57:AG57) -> 1201 | AI57: =AH57*93 -> 111693
B58: MAIZ REFINADO | C58: 32 | D58: 144 | E58: 45 | F58: 31 | G58: 85 | H58: - | I58: =SUM(C58:H58) -> 337 | J58: =I58*96 -> 32352 | K58: 24 | L58: 32 | M58: 30 | N58: 58 | P58: 79 | Q58: =SUM(K58:P58) -> 223 | R58: =Q58*96 -> 21408 | S58: 34 | T58: 32 | U58: 13 | V58: 30 | W58: 60 | X58: 60 | Y58: =SUM(S58:X58) -> 229 | Z58: =Y58*95 -> 21755 | AA58: 36 | AB58: 27 | AC58: 40 | AE58: 40 | AF58: 46 | AG58: 41 | AH58: =SUM(AA58:AG58) -> 230 | AI58: =AH58*95 -> 21850 | AK58: MAIZ | AL58: =I64+Q64+Y64+AH64 -> 10268 | AM58: =AL59/AL58 -> 94.536911 | AP58: =ABRIL!AO58-JUNIO!AL58 -> 161
B59: MAIZ INTEGRAL | C59: 8.5 | D59: 50 | F59: 5 | H59: - | I59: =SUM(C59:H59) -> 63.5 | J59: =I59*80 -> 5080 | K59: 51 | L59: 3 | N59: 6 | P59: 6 | Q59: =SUM(K59:P59) -> 66 | R59: =Q59*80 -> 5280 | S59: 121 | U59: 5 | V59: - | X59: 2 | Y59: =SUM(S59:X59) -> 128 | Z59: =Y59*79 -> 10112 | AA59: 11 | AB59: 10 | AC59: 30 | AE59: - | AF59: 111 | AG59: 38 | AH59: =SUM(AA59:AG59) -> 200 | AI59: =AH59*79 -> 15800 | AK59: VALOR M. | AL59: =J64+R64+Z64+AI64 -> 970705
B60: TRIGO | C60: 26 | D60: 222 | E60: 25 | F60: 40 | G60: 129 | H60: - | I60: =SUM(C60:H60) -> 442 | J60: =I60*100 -> 44200 | K60: 202 | L60: 52 | M60: 30 | N60: 50 | O60: 40 | P60: 40 | Q60: =SUM(K60:P60) -> 414 | R60: =Q60*100 -> 41400 | S60: 64 | T60: 48 | U60: 123 | V60: 115 | W60: 113 | X60: 65 | Y60: =SUM(S60:X60) -> 528 | Z60: =Y60*100 -> 52800 | AA60: 55 | AB60: 45 | AC60: 160 | AD60: 40 | AE60: 15 | AF60: 18 | AG60: 56 | AH60: =SUM(AA60:AG60) -> 389 | AI60: =AH60*100 -> 38900
B61: SOYA | H61: - | I61: =SUM(C61:H61) -> 0 | J61: =I61*115 -> 0 | L61: 51 | Q61: =SUM(K61:P61) -> 51 | R61: =Q61*115 -> 5865 | Y61: =SUM(S61:X61) -> 0 | Z61: =Y61*115 -> 0 | AF61: 1 | AH61: =SUM(AA61:AG61) -> 1 | AI61: =AH61*115 -> 115 | AK61: TRIGO | AL61: =I60+Q60+Y60+AH60 -> 1773 | AM61: =AL62/AL61 -> 100
I62: =SUM(I56:I61) -> 3064.5 | J62: =SUM(J56:J61) -> 292636 | Q62: =SUM(Q56:Q61) -> 2733 | R62: =SUM(R56:R61) -> 262041 | Y62: =SUM(Y56:Y61) -> 3735 | Z62: =SUM(Z56:Z61) -> 352507 | AH62: =SUM(AH56:AH61) -> 3018 | AI62: =SUM(AI56:AI61) -> 283073 | AK62: VALOR M. | AL62: =AI60+J60+R60+Z60 -> 177300
I64: =I56+I57+I58 -> 2559 | J64: =J56+J57+J58 -> 243356 | Q64: =Q56+Q57+Q58 -> 2202 | R64: =R56+R57+R58 -> 209496 | Y64: =Y56+Y57+Y58 -> 3079 | Z64: =Z56+Z57+Z58 -> 289595 | AH64: =AH56+AH57+AH58 -> 2428 | AI64: =AI56+AI57+AI58 -> 228258
AK66: VENTA TOTAL | AL66: =AL62+AL59+AL20 -> 1636663

Sheet JULIO
B3: ALIMENTO | C3: 45839 | D3: 45840 | E3: 45841 | F3: 45842 | G3: 45843 | H3: SUB TOTAL | I3: MONTO | J3: 45845 | K3: 45846 | L3: 45847 | M3: 45848 | N3: 45849 | O3: 45850 | P3: SUB TOTAL | Q3: MONTO | R3: 45852 | S3: 45853 | T3: 45854 | U3: 45855 | V3: 45856 | W3: 45857 | X3: SUB TOTAL | Y3: MONTO | Z3: 45859 | AA3: 45860 | AB3: 45861 | AC3: 45862 | AD3: 45863 | AE3: 45864 | AF3: SUB TOTAL | AG3: MONTO | AH3: 45866 | AI3: 45867 | AJ3: 45868 | AK3: 45869 | AL3: SUB TOTAL | AM3: MONTO | AT3: MES : JULIO
B4: ENG CARNE | C4: 24 | D4: 63 | E4: 95 | F4: 40 | G4: 32 | H4: =SUM(C4:G4) -> 254 | I4: =H4*60 -> 15240 | J4: 15 | K4: 50 | L4: - | M4: - | N4: - | O4: 50 | P4: =SUM(J4:O4) -> 115 | Q4: =P4*60 -> 6900 | R4: 10 | S4: 60 | T4: 95 | U4: 40 | V4: 16 | W4: 25 | X4: =SUM(R4:W4) -> 246 | Y4: =X4*60 -> 14760 | Z4: 11 | AA4: 81 | AB4: 75 | AC4: 65 | AE4: 61 | AF4: =SUM(Z4:AE4) -> 293 | AG4: =AF4*60 -> 17580 | AJ4: 73 | AK4: 16 | AL4: =SUM(AH4:AK4) -> 89 | AM4: =AL4*60 -> 5340 | AT4: ALIMENTOS | AU4: =AP19 -> 6469
B5: CTO CARNE | C5: 30 | D5: 65 | E5: 52 | F5: 17 | G5: 17 | H5: =SUM(C5:G5) -> 181 | I5: =H5*60 -> 10860 | J5: 4 | K5: 185 | L5: 25 | M5: 13 | N5: 53 | O5: 21 | P5: =SUM(J5:O5) -> 301 | Q5: =P5*60 -> 18060 | R5: 7 | S5: 30 | T5: 51 | U5: 20 | V5: 37 | W5: 48 | X5: =SUM(R5:W5) -> 193 | Y5: =X5*60 -> 11580 | Z5: 8 | AA5: 63 | AB5: 50 | AC5: 15 | AE5: 51 | AF5: =SUM(Z5:AE5) -> 187 | AG5: =AF5*60 -> 11220 | AJ5: 19 | AK5: 23 | AL5: =SUM(AH5:AK5) -> 42 | AM5: =AL5*60 -> 2520 | AT5: VALOR M. | AU5: =AP20 -> 465498
B6: INICIO CARNE | C6: - | D6: 10 | E6: 5 | F6: - | G6: - | H6: =SUM(C6:G6) -> 15 | I6: =H6*61 -> 915 | J6: - | K6: - | L6: - | M6: 8 | N6: - | O6: 21 | P6: =SUM(J6:O6) -> 29 | Q6: =P6*61 -> 1769 | S6: 5 | U6: 7 | V6: - | W6: - | X6: =SUM(R6:W6) -> 12 | Y6: =X6*61 -> 732 | Z6: - | AA6: 11 | AB6: - | AC6: 16 | AE6: 34 | AF6: =SUM(Z6:AE6) -> 61 | AG6: =AF6*61 -> 3721 | AJ6: 25 | AK6: 1 | AL6: =SUM(AH6:AK6) -> 26 | AM6: =AL6*61 -> 1586 | AT6: VITAOVO | AU6: =AP48 -> 1096
B7: CONEJO | C7: 10 | D7: 24 | E7: 30 | F7: 23 | G7: 12 | H7: =SUM(C7:G7) -> 99 | I7: =H7*60 -> 5940 | J7: 17 | K7: 21 | L7: 10 | M7: 10 | N7: 5 | O7: - | P7: =SUM(J7:O7) -> 63 | Q7: =P7*60 -> 3780 | R7: 31 | S7: 55 | T7: 24 | U7: - | V7: 21 | W7: 22 | X7: =SUM(R7:W7) -> 153 | Y7: =X7*60 -> 9180 | Z7: - | AA7: 16 | AB7: 65 | AC7: 23 | AD7: 10 | AE7: 30 | AF7: =SUM(Z7:AE7) -> 144 | AG7: =AF7*60 -> 8640 | AJ7: 2 | AK7: 27 | AL7: =SUM(AH7:AK7) -> 29 | AM7: =AL7*60 -> 1740 | AT7: VALOR M. | AU7: =AP49 -> 101746
B8: CUY | C8: 14 | D8: 20 | E8: 30 | F8: 24 | G8: - | H8: =SUM(C8:G8) -> 88 | I8: =H8*60 -> 5280 | J8: 23 | K8: 1 | L8: 5 | M8: 15 | N8: - | O8: 1 | P8: =SUM(J8:O8) -> 45 | Q8: =P8*60 -> 2700 | R8: 34 | S8: 84 | T8: 61 | U8: 5 | V8: 17 | W8: - | X8: =SUM(R8:W8) -> 201 | Y8: =X8*60 -> 12060 | Z8: 4 | AA8: 5 | AB8: 80 | AC8: 20 | AE8: 20 | AF8: =SUM(Z8:AE8) -> 129 | AG8: =AF8*60 -> 7740 | AJ8: 12 | AK8: 15 | AL8: =SUM(AH8:AK8) -> 27 | AM8: =AL8*60 -> 1620 | AT8: AFRECHO | AU8: =AP51 -> 539
B9: CON POLLO | C9: 3 | D9: 14 | E9: - | F9: 6 | G9: 3 | H9: =SUM(C9:G9) -> 26 | I9: =H9*60 -> 1560 | J9: - | K9: - | L9: 10 | M9: - | O9: 1 | P9: =SUM(J9:O9) -> 11 | Q9: =P9*60 -> 660 | S9: 6 | T9: 10 | U9: - | V9: - | W9: - | X9: =SUM(R9:W9) -> 16 | Y9: =X9*60 -> 960 | Z9: 10 | AA9: 1 | AB9: 2 | AC9: 9 | AD9: 1 | AE9: 87 | AF9: =SUM(Z9:AE9) -> 110 | AG9: =AF9*60 -> 6600 | AJ9: 1 | AK9: 2 | AL9: =SUM(AH9:AK9) -> 3 | AM9: =AL9*60 -> 180 | AT9: VALOR M. | AU9: =AP52 -> 28028
B10: CON CUY | C10: 5 | D10: 11 | E10: 11 | F10: 1 | G10: - | H10: =SUM(C10:G10) -> 28 | I10: =H10*60 -> 1680 | J10: 21 | K10: 1 | L10: 10 | M10: 30 | N10: 6 | O10: 11 | P10: =SUM(J10:O10) -> 79 | Q10: =P10*60 -> 4740 | R10: 2 | S10: 1 | T10: 5 | U10: 42 | V10: 11 | W10: 2 | X10: =SUM(R10:W10) -> 63 | Y10: =X10*60 -> 3780 | Z10: 18 | AA10: 12 | AB10: 5 | AC10: 9 | AE10: - | AF10: =SUM(Z10:AE10) -> 44 | AG10: =AF10*60 -> 2640 | AJ10: 1 | AK10: 5 | AL10: =SUM(AH10:AK10) -> 6 | AM10: =AL10*60 -> 360 | AT10: MAIZ | AU10: =AP58 -> 11957
B11: VERDE | C11: 1 | D11: 5 | E11: 15 | G11: 2 | H11: =SUM(C11:G11) -> 23 | I11: =H11*65 -> 1495 | J11: 6 | K11: 22 | L11: - | M11: - | N11: 8 | O11: - | P11: =SUM(J11:O11) -> 36 | Q11: =P11*65 -> 2340 | S11: 2 | T11: 1 | U11: 10 | V11: - | W11: 3 | X11: =SUM(R11:W11) -> 16 | Y11: =X11*65 -> 1040 | AA11: 1 | AB11: 3 | AC11: 2 | AD11: 2 | AE11: - | AF11: =SUM(Z11:AE11) -> 8 | AG11: =AF11*65 -> 520 | AJ11: 12 | AL11: =SUM(AH11:AK11) -> 12 | AM11: =AL11*65 -> 780 | AT11: VALOR M. | AU11: =AP59 -> 1123789
B12: ROJO | C12: 1 | D12: - | E12: 15 | G12: - | H12: =SUM(C12:G12) -> 16 | I12: =H12*65 -> 1040 | J12: 6 | K12: 21 | L12: - | M12: - | N12: 3 | O12: - | P12: =SUM(J12:O12) -> 30 | Q12: =P12*65 -> 1950 | R12: 1 | S12: 1 | T12: 1 | U12: 10 | V12: - | W12: - | X12: =SUM(R12:W12) -> 13 | Y12: =X12*65 -> 845 | AA12: 1 | AB12: - | AC12: - | AD12: 2 | AE12: - | AF12: =SUM(Z12:AE12) -> 3 | AG12: =AF12*65 -> 195 | AJ12: 23 | AK12: 1 | AL12: =SUM(AH12:AK12) -> 24 | AM12: =AL12*65 -> 1560 | AT12: TRIGO | AU12: =AP61 -> 1435
B13: POLLON | C13: 26 | D13: 50 | E13: 20 | F13: 15 | G13: - | H13: =SUM(C13:G13) -> 111 | I13: =H13*95 -> 10545 | J13: 25 | K13: 13 | L13: 10 | M13: 15 | O13: 4 | P13: =SUM(J13:O13) -> 67 | Q13: =P13*95 -> 6365 | R13: 32 | S13: 50 | T13: 48 | U13: 90 | V13: 50 | W13: 5 | X13: =SUM(R13:W13) -> 275 | Y13: =X13*95 -> 26125 | Z13: 1 | AA13: 29 | AB13: 25 | AC13: 36 | AE13: 65 | AF13: =SUM(Z13:AE13) -> 156 | AG13: =AF13*95 -> 14820 | AJ13: 26 | AK13: 43 | AL13: =SUM(AH13:AK13) -> 69 | AM13: =AL13*95 -> 6555 | AT13: VALOR M. | AU13: =AP62 -> 143500
B14: CTO POLLON | C14: 1 | D14: 40 | E14: - | F14: 41 | G14: 2 | H14: =SUM(C14:G14) -> 84 | I14: =H14*105 -> 8820 | J14: 25 | K14: 7 | L14: 5 | M14: 15 | N14: 10 | O14: 3 | P14: =SUM(J14:O14) -> 65 | Q14: =P14*105 -> 6825 | R14: 24 | S14: 25 | T14: 18 | U14: 100 | V14: 16 | W14: 18 | X14: =SUM(R14:W14) -> 201 | Y14: =X14*105 -> 21105 | AA14: 23 | AB14: 25 | AC14: 30 | AF14: =SUM(Z14:AE14) -> 78 | AG14: =AF14*105 -> 8190 | AJ14: 25 | AL14: =SUM(AH14:AK14) -> 25 | AM14: =AL14*105 -> 2625
B15: INICIO POLLON | D15: 1 | E15: - | F15: 10 | H15: =SUM(C15:G15) -> 11 | I15: =H15*110 -> 1210 | J15: 10 | K15: 5 | M15: - | N15: 10 | P15: =SUM(J15:O15) -> 25 | Q15: =P15*110 -> 2750 | R15: 1 | S15: 4 | T15: 1 | U15: - | V15: 8 | W15: - | X15: =SUM(R15:W15) -> 14 | Y15: =X15*110 -> 1540 | AA15: 1 | AC15: 3 | AF15: =SUM(Z15:AE15) -> 4 | AG15: =AF15*110 -> 440 | AJ15: 20 | AL15: =SUM(AH15:AK15) -> 20 | AM15: =AL15*110 -> 2200 | AT15: MAIZ B12 | AU15: 304190
B16: DORIMICYN | D16: 3 | E16: - | H16: =SUM(C16:G16) -> 3 | I16: =H16*70 -> 210 | L16: 4 | N16: 20 | P16: =SUM(J16:O16) -> 24 | Q16: =P16*70 -> 1680 | R16: 15 | S16: 4 | T16: 2 | X16: =SUM(R16:W16) -> 21 | Y16: =X16*70 -> 1470 | AC16: 7 | AF16: =SUM(Z16:AE16) -> 7 | AG16: =AF16*70 -> 490 | AJ16: 1 | AL16: =SUM(AH16:AK16) -> 1 | AM16: =AL16*70 -> 70
B17: CTO SIMPLE | E17: - | H17: =SUM(C17:G17) -> 0 | I17: =H17*0 -> 0 | P17: =SUM(J17:O17) -> 0 | Q17: =P17*0 -> 0 | X17: =SUM(R17:W17) -> 0 | Y17: =X17*0 -> 0 | AC17: - | AF17: =SUM(Z17:AE17) -> 0 | AG17: =AF17*0 -> 0 | AL17: =SUM(AH17:AK17) -> 0 | AM17: =AL17*0 -> 0
B18: CTO ANA | C18: - | D18: - | E18: - | F18: - | H18: =SUM(C18:G18) -> 0 | I18: =H18*0 -> 0 | P18: =SUM(J18:O18) -> 0 | Q18: =P18*0 -> 0 | R18: - | U18: - | V18: - | W18: - | X18: =SUM(R18:W18) -> 0 | Y18: =X18*0 -> 0 | Z18: - | AA18: - | AC18: - | AD18: - | AF18: =SUM(Z18:AE18) -> 0 | AG18: =AF18*0 -> 0 | AI18: - | AJ18: - | AL18: =SUM(AH18:AK18) -> 0 | AM18: =AL18*0 -> 0
H19: =SUM(H4:H16) -> 939 | I19: =SUM(I4:I16) -> 64795 | P19: =SUM(P4:P16) -> 890 | Q19: =SUM(Q4:Q16) -> 60519 | X19: =SUM(X4:X16) -> 1424 | Y19: =SUM(Y4:Y16) -> 105177 | AF19: =SUM(AF4:AF16) -> 1224 | AG19: =SUM(AG4:AG16) -> 82796 | AL19: =SUM(AL4:AL16) -> 373 | AM19: =SUM(AM4:AM16) -> 27136 | AO19: ALIMENTOS | AP19: =H50+P50+X50+AF50+AL50 -> 6469 | AQ19: =AP20/AP19 -> 71.958262
B20: CTO BLANCO | D20: 10 | E20: 10 | G20: - | H20: =SUM(C20:G20) -> 20 | I20: =H20*85 -> 1700 | P20: =SUM(J20:O20) -> 0 | Q20: =P20*85 -> 0 | R20: 10 | T20: 34 | X20: =SUM(R20:W20) -> 44 | Y20: =X20*85 -> 3740 | AA20: 10 | AB20: 75 | AE20: 1 | AF20: =SUM(Z20:AE20) -> 86 | AG20: =AF20*98 -> 8428 | AK20: 10 | AL20: =SUM(AH20:AK20) -> 10 | AM20: =AL20*98 -> 980 | AO20: VALOR M. | AP20: =I50+Q50+Y50+AG50+AM50 -> 465498
B21: ENG BLANCO | D21: 2 | E21: 50 | G21: 10 | H21: =SUM(C21:G21) -> 62 | I21: =H21*84 -> 5208 | J21: 10 | P21: =SUM(J21:O21) -> 10 | Q21: =P21*84 -> 840 | S21: 10 | T21: 42 | X21: =SUM(R21:W21) -> 52 | Y21: =X21*84 -> 4368 | Z21: - | AA21: 10 | AB21: 80 | AE21: 1 | AF21: =SUM(Z21:AE21) -> 91 | AG21: =AF21*96 -> 8736 | AJ21: 10 | AL21: =SUM(AH21:AK21) -> 10 | AM21: =AL21*96 -> 960
B22: INICIO BLANCO | E22: 70 | H22: =SUM(C22:G22) -> 70 | I22: =H22*85 -> 5950 | J22: 10 | P22: =SUM(J22:O22) -> 10 | Q22: =P22*85 -> 850 | R22: 2 | S22: 1 | T22: 2 | X22: =SUM(R22:W22) -> 5 | Y22: =X22*85 -> 425 | Z22: - | AA22: 5 | AF22: =SUM(Z22:AE22) -> 5 | AG22: =AF22*98 -> 490 | AK22: 10 | AL22: =SUM(AH22:AK22) -> 10 | AM22: =AL22*98 -> 980 | AR22: =JUNIO!AL19-JULIO!AP19 -> 268
B23: PRE BLANCO | D23: 15 | E23: - | H23: =SUM(C23:G23) -> 15 | I23: =H23*85 -> 1275 | M23: 1 | P23: =SUM(J23:O23) -> 1 | Q23: =P23*85 -> 85 | R23: 4 | T23: 4 | X23: =SUM(R23:W23) -> 8 | Y23: =X23*85 -> 680 | Z23: - | AA23: - | AB23: 15 | AF23: =SUM(Z23:AE23) -> 15 | AG23: =AF23*82 -> 1230 | AJ23: 10 | AL23: =SUM(AH23:AK23) -> 10 | AM23: =AL23*82 -> 820
B24: CTO AMARILLO | E24: 40 | H24: =SUM(C24:G24) -> 40 | I24: =H24*85 -> 3400 | O24: 20 | P24: =SUM(J24:O24) -> 20 | Q24: =P24*85 -> 1700 | X24: =SUM(R24:W24) -> 0 | Y24: =X24*85 -> 0 | Z24: - | AA24: 11 | AF24: =SUM(Z24:AE24) -> 11 | AG24: =AF24*100 -> 1100 | AL24: =SUM(AH24:AK24) -> 0 | AM24: =AL24*100 -> 0 | AO24: LINEA GALLO
B25: ENG AMARILLO | E25: 170 | H25: =SUM(C25:G25) -> 170 | I25: =H25*84 -> 14280 | O25: 20 | P25: =SUM(J25:O25) -> 20 | Q25: =P25*84 -> 1680 | X25: =SUM(R25:W25) -> 0 | Y25: =X25*84 -> 0 | Z25: - | AA25: 17 | AF25: =SUM(Z25:AE25) -> 17 | AG25: =AF25*115 -> 1955 | AL25: =SUM(AH25:AK25) -> 0 | AM25: =AL25*115 -> 0 | AO25: POLLON | AP25: =H13+P13+X13+AF13+AL13 -> 678
B26: INICIO AMARILLO | E26: - | H26: =SUM(C26:G26) -> 0 | I26: =H26*85 -> 0 | L26: 10 | P26: =SUM(J26:O26) -> 10 | Q26: =P26*85 -> 850 | X26: =SUM(R26:W26) -> 0 | Y26: =X26*85 -> 0 | Z26: - | AF26: =SUM(Z26:AE26) -> 0 | AG26: =AF26*85 -> 0 | AL26: =SUM(AH26:AK26) -> 0 | AM26: =AL26*85 -> 0 | AO26: POLLON CTO | AP26: =H14+P14+X14+AF14+AL14 -> 453
B27: PRE AMARILLO | E27: - | H27: =SUM(C27:G27) -> 0 | I27: =H27*85 -> 0 | P27: =SUM(J27:O27) -> 0 | Q27: =P27*85 -> 0 | X27: =SUM(R27:W27) -> 0 | Y27: =X27*85 -> 0 | Z27: - | AF27: =SUM(Z27:AE27) -> 0 | AG27: =AF27*85 -> 0 | AL27: =SUM(AH27:AK27) -> 0 | AM27: =AL27*85 -> 0 | AO27: POLLON INICIO | AP27: =H15+P15+X15+AF15+AL15 -> 74
B28: CUY VITA | D28: 15 | E28: - | H28: =SUM(C28:G28) -> 15 | I28: =H28*75 -> 1125 | J28: 5 | N28: 15 | P28: =SUM(J28:O28) -> 20 | Q28: =P28*75 -> 1500 | V28: 10 | X28: =SUM(R28:W28) -> 10 | Y28: =X28*75 -> 750 | Z28: 10 | AA28: 9 | AE28: 4 | AF28: =SUM(Z28:AE28) -> 23 | AG28: =AF28*75 -> 1725 | AL28: =SUM(AH28:AK28) -> 0 | AM28: =AL28*75 -> 0 | AP28: =SUM(AP25:AP27) -> 1205
B29: CONEJO VITA | D29: 10 | E29: - | H29: =SUM(C29:G29) -> 10 | I29: =H29*75 -> 750 | J29: 1 | P29: =SUM(J29:O29) -> 1 | Q29: =P29*75 -> 75 | V29: 5 | X29: =SUM(R29:W29) -> 5 | Y29: =X29*75 -> 375 | Z29: - | AA29: 10 | AE29: 10 | AF29: =SUM(Z29:AE29) -> 20 | AG29: =AF29*75 -> 1500 | AL29: =SUM(AH29:AK29) -> 0 | AM29: =AL29*75 -> 0
B30: POSTURA | D30: 10 | E30: 70 | F30: 5 | H30: =SUM(C30:G30) -> 85 | I30: =H30*78 -> 6630 | K30: 12 | O30: 30 | P30: =SUM(J30:O30) -> 42 | Q30: =P30*78 -> 3276 | R30: 4 | S30: 10 | T30: 42 | U30: 5 | X30: =SUM(R30:W30) -> 61 | Y30: =X30*78 -> 4758 | Z30: 10 | AA30: 35 | AB30: 30 | AC30: 30 | AE30: 31 | AF30: =SUM(Z30:AE30) -> 136 | AG30: =AF30*78 -> 10608 | AJ30: 16 | AL30: =SUM(AH30:AK30) -> 16 | AM30: =AL30*78 -> 1248
B31: POSTURA ECO. | E31: - | H31: =SUM(C31:G31) -> 0 | I31: =H31*70 -> 0 | P31: =SUM(J31:O31) -> 0 | Q31: =P31*70 -> 0 | X31: =SUM(R31:W31) -> 0 | Y31: =X31*70 -> 0 | Z31: - | AA31: - | AF31: =SUM(Z31:AE31) -> 0 | AG31: =AF31*70 -> 0 | AL31: =SUM(AH31:AK31) -> 0 | AM31: =AL31*70 -> 0
B32: ROJO PROVINCIA | E32: - | H32: =SUM(C32:G32) -> 0 | I32: =H32*60 -> 0 | P32: =SUM(J32:O32) -> 0 | Q32: =P32*60 -> 0 | X32: =SUM(R32:W32) -> 0 | Y32: =X32*60 -> 0 | Z32: - | AA32: - | AF32: =SUM(Z32:AE32) -> 0 | AG32: =AF32*60 -> 0 | AL32: =SUM(AH32:AK32) -> 0 | AM32: =AL32*60 -> 0
B33: VERDE PROVINCIA | E33: - | H33: =SUM(C33:G33) -> 0 | I33: =H33*60 -> 0 | P33: =SUM(J33:O33) -> 0 | Q33: =P33*60 -> 0 | X33: =SUM(R33:W33) -> 0 | Y33: =X33*60 -> 0 | Z33: - | AA33: - | AF33: =SUM(Z33:AE33) -> 0 | AG33: =AF33*60 -> 0 | AL33: =SUM(AH33:AK33) -> 0 | AM33: =AL33*60 -> 0
B34: ENG SIMPLE | E34: - | H34: =SUM(C34:G34) -> 0 | I34: =H34*40 -> 0 | P34: =SUM(J34:O34) -> 0 | Q34: =P34*40 -> 0 | X34: =SUM(R34:W34) -> 0 | Y34: =X34*40 -> 0 | Z34: - | AA34: - | AF34: =SUM(Z34:AE34) -> 0 | AG34: =AF34*40 -> 0 | AL34: =SUM(AH34:AK34) -> 0 | AM34: =AL34*40 -> 0
B35: CTO SIMPLE | D35: 5 | E35: - | G35: 10 | H35: =SUM(C35:G35) -> 15 | I35: =H35*40 -> 600 | J35: 80 | P35: =SUM(J35:O35) -> 80 | Q35: =P35*40 -> 3200 | R35: 30 | T35: 2 | U35: 60 | X35: =SUM(R35:W35) -> 92 | Y35: =X35*40 -> 3680 | Z35: 1 | AB35: 10 | AF35: =SUM(Z35:AE35) -> 11 | AG35: =AF35*40 -> 440 | AJ35: 50 | AK35: 10 | AL35: =SUM(AH35:AK35) -> 60 | AM35: =AL35*40 -> 2400
B36: GRANJA X 40 KG | E36: - | G36: - | H36: =SUM(C36:G36) -> 0 | I36: =H36*76 -> 0 | P36: =SUM(J36:O36) -> 0 | Q36: =P36*76 -> 0 | R36: 42 | X36: =SUM(R36:W36) -> 42 | Y36: =X36*76 -> 3192 | Z36: - | AA36: - | AF36: =SUM(Z36:AE36) -> 0 | AG36: =AF36*76 -> 0 | AL36: =SUM(AH36:AK36) -> 0 | AM36: =AL36*76 -> 0
B37: GRANJA X 50 KG | E37: - | H37: =SUM(C37:G37) -> 0 | I37: =H37*90 -> 0 | P37: =SUM(J37:O37) -> 0 | Q37: =P37*90 -> 0 | X37: =SUM(R37:W37) -> 0 | Y37: =X37*90 -> 0 | Z37: - | AA37: - | AF37: =SUM(Z37:AE37) -> 0 | AG37: =AF37*90 -> 0 | AL37: =SUM(AH37:AK37) -> 0 | AM37: =AL37*90 -> 0
B38: CTO CON. POLLO | H38: =SUM(C38:G38) -> 0 | I38: =H38*91 -> 0 | P38: =SUM(J38:O38) -> 0 | Q38: =P38*91 -> 0 | R38: 15 | X38: =SUM(R38:W38) -> 15 | Y38: =X38*91 -> 1365 | Z38: - | AA38: - | AB38: - | AC38: - | AF38: =SUM(Z38:AE38) -> 0 | AG38: =AF38*91 -> 0 | AH38: - | AI38: - | AL38: =SUM(AH38:AK38) -> 0 | AM38: =AL38*91 -> 0
B39: ENG CON. POLLO | H39: =SUM(C39:G39) -> 0 | I39: =H39*90 -> 0 | P39: =SUM(J39:O39) -> 0 | Q39: =P39*90 -> 0 | R39: 17 | X39: =SUM(R39:W39) -> 17 | Y39: =X39*90 -> 1530 | Z39: - | AA39: - | AB39: - | AC39: - | AF39: =SUM(Z39:AE39) -> 0 | AG39: =AF39*90 -> 0 | AH39: - | AI39: - | AL39: =SUM(AH39:AK39) -> 0 | AM39: =AL39*90 -> 0
B40: CERDO MANTTO | H40: =SUM(C40:G40) -> 0 | I40: =H40*76 -> 0 | P40: =SUM(J40:O40) -> 0 | Q40: =P40*76 -> 0 | X40: =SUM(R40:W40) -> 0 | Y40: =X40*76 -> 0 | Z40: - | AA40: - | AB40: - | AC40: - | AF40: =SUM(Z40:AE40) -> 0 | AG40: =AF40*76 -> 0 | AH40: - | AI40: - | AL40: =SUM(AH40:AK40) -> 0 | AM40: =AL40*76 -> 0
B41: CTO CERDO | H41: =SUM(C41:G41) -> 0 | I41: =H41*100 -> 0 | P41: =SUM(J41:O41) -> 0 | Q41: =P41*100 -> 0 | X41: =SUM(R41:W41) -> 0 | Y41: =X41*100 -> 0 | Z41: - | AA41: - | AB41: - | AC41: - | AF41: =SUM(Z41:AE41) -> 0 | AG41: =AF41*100 -> 0 | AH41: - | AI41: - | AL41: =SUM(AH41:AK41) -> 0 | AM41: =AL41*100 -> 0
B42: ENG CERDO | H42: =SUM(C42:G42) -> 0 | I42: =H42*100 -> 0 | P42: =SUM(J42:O42) -> 0 | Q42: =P42*100 -> 0 | X42: =SUM(R42:W42) -> 0 | Y42: =X42*100 -> 0 | Z42: - | AA42: - | AB42: - | AC42: - | AF42: =SUM(Z42:AE42) -> 0 | AG42: =AF42*100 -> 0 | AH42: - | AI42: - | AL42: =SUM(AH42:AK42) -> 0 | AM42: =AL42*100 -> 0
B43: POSTURA POLVO | H43: =SUM(C43:G43) -> 0 | I43: =H43*78 -> 0 | P43: =SUM(J43:O43) -> 0 | Q43: =P43*78 -> 0 | R43: 21 | X43: =SUM(R43:W43) -> 21 | Y43: =X43*78 -> 1638 | Z43: - | AA43: - | AB43: - | AC43: - | AF43: =SUM(Z43:AE43) -> 0 | AG43: =AF43*78 -> 0 | AH43: - | AI43: - | AL43: =SUM(AH43:AK43) -> 0 | AM43: =AL43*78 -> 0
B44: VITAOVO ANA | E44: 30 | H44: =SUM(C44:G44) -> 30 | I44: =H44*92 -> 2760 | L44: 20 | M44: 70 | O44: 86 | P44: =SUM(J44:O44) -> 176 | Q44: =P44*92 -> 16192 | S44: 60 | U44: 50 | V44: 7 | X44: =SUM(R44:W44) -> 117 | Y44: =X44*92 -> 10764 | Z44: 80 | AA44: 69 | AC44: 19 | AD44: 60 | AF44: =SUM(Z44:AE44) -> 228 | AG44: =AF44*92 -> 20976 | AK44: 15 | AL44: =SUM(AH44:AK44) -> 15 | AM44: =AL44*92 -> 1380
B45: VITAOVO CARNE | D45: 93 | E45: - | H45: =SUM(C45:G45) -> 93 | I45: =H45*95 -> 8835 | J45: 20 | M45: 30 | P45: =SUM(J45:O45) -> 50 | Q45: =P45*95 -> 4750 | T45: 18 | X45: =SUM(R45:W45) -> 18 | Y45: =X45*95 -> 1710 | AA45: 31 | AF45: =SUM(Z45:AE45) -> 31 | AG45: =AF45*95 -> 2945 | AL45: =SUM(AH45:AK45) -> 0 | AM45: =AL45*95 -> 0
B46: VITAOVO SIMPLE | C46: 21 | D46: 17 | E46: 30 | H46: =SUM(C46:G46) -> 68 | I46: =H46*93 -> 6324 | J46: 10 | K46: 25 | L46: 30 | P46: =SUM(J46:O46) -> 65 | Q46: =P46*93 -> 6045 | R46: 10 | S46: 35 | T46: 6 | U46: 3 | X46: =SUM(R46:W46) -> 54 | Y46: =X46*93 -> 5022 | Z46: 5 | AA46: 20 | AB46: 10 | AC46: 34 | AD46: 31 | AE46: 15 | AF46: =SUM(Z46:AE46) -> 115 | AG46: =AF46*93 -> 10695 | AJ46: 6 | AK46: 30 | AL46: =SUM(AH46:AK46) -> 36 | AM46: =AL46*93 -> 3348
B47: AFRECHO | C47: 2 | D47: 18 | E47: 30 | F47: 10 | G47: - | H47: =SUM(C47:G47) -> 60 | I47: =H47*52 -> 3120 | J47: 40 | K47: 5 | L47: 24 | M47: 33 | N47: 12 | O47: 27 | P47: =SUM(J47:O47) -> 141 | Q47: =P47*52 -> 7332 | R47: 3 | S47: 50 | T47: 26 | U47: 60 | V47: 45 | X47: =SUM(R47:W47) -> 184 | Y47: =X47*52 -> 9568 | Z47: 23 | AA47: 8 | AC47: 36 | AD47: 6 | AE47: 10 | AF47: =SUM(Z47:AE47) -> 83 | AG47: =AF47*52 -> 4316 | AJ47: 41 | AK47: 30 | AL47: =SUM(AH47:AK47) -> 71 | AM47: =AL47*52 -> 3692
H48: =SUM(H20:H43) -> 502 | I48: =SUM(I20:I43) -> 40918 | P48: =SUM(P20:P43) -> 214 | Q48: =SUM(Q20:Q43) -> 14056 | X48: =SUM(X20:X43) -> 372 | Y48: =SUM(Y20:Y43) -> 26501 | AF48: =SUM(AF20:AF43) -> 415 | AG48: =SUM(AG20:AG43) -> 36212 | AL48: =SUM(AL20:AL43) -> 116 | AM48: =SUM(AM20:AM43) -> 7388 | AO48: VITAOVO | AP48: =H51+P51+X51+AF51+AL51 -> 1096 | AQ48: =AP49/AP48 -> 92.833942
AO49: VALOR M. | AP49: =Q51+I51+Y51+AG51+AM51 -> 101746
B50: ALIMENTO | H50: =H48+H19 -> 1441 | I50: =I48+I19 -> 105713 | P50: =P48+P19 -> 1104 | Q50: =Q48+Q19 -> 74575 | X50: =X48+X19 -> 1796 | Y50: =Y48+Y19 -> 131678 | Z50: =Y50/X50 -> 73.317372 | AE50: =AG50/AF50 -> 72.610128 | AF50: =AF48+AF19 -> 1639 | AG50: =AG48+AG19 -> 119008 | AK50: =AM50/AL50 -> 70.601227 | AL50: =AL48+AL19 -> 489 | AM50: =AM48+AM19 -> 34524
B51: VITAOVO | H51: =SUM(H44:H46) -> 191 | I51: =SUM(I44:I46) -> 17919 | P51: =SUM(P44:P46) -> 291 | Q51: =SUM(Q44:Q46) -> 26987 | X51: =SUM(X44:X46) -> 189 | Y51: =SUM(Y44:Y46) -> 17496 | AF51: =SUM(AF44:AF46) -> 374 | AG51: =SUM(AG44:AG46) -> 34616 | AL51: =SUM(AL44:AL46) -> 51 | AM51: =SUM(AM44:AM46) -> 4728 | AO51: AFRECHO | AP51: =P52+H52+X52+AF52+AL52 -> 539 | AQ51: =AP52/AP51 -> 52
B52: AFRECHO | H52: =H47 -> 60 | I52: =I47 -> 3120 | P52: =P47 -> 141 | Q52: =Q47 -> 7332 | X52: =X47 -> 184 | Y52: =Y47 -> 9568 | AF52: =AF47 -> 83 | AG52: =AG47 -> 4316 | AL52: =AL47 -> 71 | AM52: =AM47 -> 3692 | AO52: VALOR M. | AP52: =Q52+I52+Y52+AG52+AM52 -> 28028
Q53: =SUM(O53:P53) -> 0 | R53: =Q53*50 -> 0
B55: ALIMENTO | C55: 45839 | D55: 45840 | E55: 45841 | F55: 45842 | G55: 45843 | H55: TOTAL | I55: MONTO | J55: 45845 | K55: 45846 | L55: 45847 | M55: 45848 | N55: 45849 | O55: 45850 | P55: TOTAL | Q55: MONTO | R55: 45852 | S55: 45853 | T55: 45854 | U55: 45855 | V55: 45856 | W55: 45857 | X55: TOTAL | Y55: MONTO | Z55: 45859 | AA55: 45860 | AB55: 45861 | AC55: 45862 | AD55: 45863 | AE55: 45864 | AF55: TOTAL | AG55: MONTO | AH55: 45866 | AI55: 45867 | AJ55: 45868 | AK55: 45869 | AL55: TOTAL | AM55: MONTO
B56: MAIZ PARTIDO | C56: 179 | D56: 160 | E56: 380 | F56: 116 | G56: 195 | H56: =SUM(C56:G56) -> 1030 | I56: =H56*95 -> 97850 | J56: 205 | K56: 154 | L56: 140 | M56: 170 | N56: 255 | O56: 242 | P56: =SUM(J56:O56) -> 1166 | Q56: =P56*95 -> 110770 | R56: 93 | S56: 320 | T56: 195 | U56: 190 | V56: 230 | W56: 145 | X56: =SUM(R56:W56) -> 1173 | Y56: =X56*95 -> 111435 | Z56: 146 | AA56: 194 | AB56: 80 | AC56: 320 | AD56: 105 | AE56: 290 | AF56: =SUM(Z56:AE56) -> 1135 | AG56: =AF56*95 -> 107825 | AJ56: 186 | AK56: 150 | AL56: =SUM(AH56:AK56) -> 336 | AM56: =AL56*95 -> 31920
B57: MAIZ ENTERO | C57: 251 | D57: 140 | E57: 350 | F57: 797 | G57: 155 | H57: =SUM(C57:G57) -> 1693 | I57: =H57*93 -> 157449 | J57: 145 | K57: 197 | L57: 195 | M57: 235 | N57: 240 | O57: 157 | P57: =SUM(J57:O57) -> 1169 | Q57: =P57*93 -> 108717 | R57: 59 | S57: 560 | T57: 332 | U57: 217 | V57: 220 | W57: 148 | X57: =SUM(R57:W57) -> 1536 | Y57: =X57*93 -> 142848 | Z57: 150 | AA57: 205 | AB57: 90 | AC57: 371 | AD57: 200 | AE57: 272 | AF57: =SUM(Z57:AE57) -> 1288 | AG57: =AF57*93 -> 119784 | AJ57: 227 | AK57: 150 | AL57: =SUM(AH57:AK57) -> 377 | AM57: =AL57*93 -> 35061
B58: MAIZ REFINADO | C58: 40 | D58: 43 | E58: 70 | F58: 8 | G58: 15 | H58: =SUM(C58:G58) -> 176 | I58: =H58*95 -> 16720 | J58: 20 | K58: 14 | L58: 15 | M58: 40 | N58: 45 | O58: 197 | P58: =SUM(J58:O58) -> 331 | Q58: =P58*95 -> 31445 | R58: 7 | S58: 78 | T58: 20 | U58: 108 | V58: 50 | W58: 20 | X58: =SUM(R58:W58) -> 283 | Y58: =X58*95 -> 26885 | Z58: 3 | AA58: 42 | AB58: 12 | AC58: 49 | AD58: 36 | AE58: 37 | AF58: =SUM(Z58:AE58) -> 179 | AG58: =AF58*95 -> 17005 | AJ58: 74 | AK58: 11 | AL58: =SUM(AH58:AK58) -> 85 | AM58: =AL58*95 -> 8075 | AO58: MAIZ | AP58: =H64+P64+X64+AF64+AL64 -> 11957 | AQ58: =AP59/AP58 -> 93.985866 | AT58: =ABRIL!AO58-JULIO!AP58 -> -1528
B59: MAIZ INTEGRAL | D59: 11 | E59: 5 | F59: - | H59: =SUM(C59:G59) -> 16 | I59: =H59*79 -> 1264 | J59: - | K59: 5 | L59: 3 | M59: 2 | O59: 1 | P59: =SUM(J59:O59) -> 11 | Q59: =P59*79 -> 869 | R59: 2 | T59: - | U59: 5 | V59: 8 | W59: - | X59: =SUM(R59:W59) -> 15 | Y59: =X59*79 -> 1185 | Z59: 2 | AB59: 1 | AC59: 2 | AD59: - | AE59: 1 | AF59: =SUM(Z59:AE59) -> 6 | AG59: =AF59*79 -> 474 | AJ59: 3 | AK59: 5 | AL59: =SUM(AH59:AK59) -> 8 | AM59: =AL59*79 -> 632 | AO59: VALOR M. | AP59: =I64+Q64+Y64+AG64+AM64 -> 1123789
B60: TRIGO | C60: 15 | D60: 64 | E60: 55 | F60: 30 | G60: 10 | H60: =SUM(C60:G60) -> 174 | I60: =H60*100 -> 17400 | J60: 40 | K60: 16 | M60: 75 | N60: 370 | O60: 47 | P60: =SUM(J60:O60) -> 548 | Q60: =P60*100 -> 54800 | R60: 76 | S60: 50 | T60: 38 | U60: 42 | V60: 25 | W60: 60 | X60: =SUM(R60:W60) -> 291 | Y60: =X60*100 -> 29100 | Z60: 49 | AA60: 14 | AB60: 54 | AC60: 105 | AD60: 153 | AE60: 17 | AF60: =SUM(Z60:AE60) -> 392 | AG60: =AF60*100 -> 39200 | AJ60: 25 | AK60: 5 | AL60: =SUM(AH60:AK60) -> 30 | AM60: =AL60*100 -> 3000
B61: SOYA | H61: =SUM(C61:G61) -> 0 | I61: =H61*115 -> 0 | M61: - | N61: 40 | O61: 1 | P61: =SUM(J61:O61) -> 41 | Q61: =P61*89 -> 3649 | R61: 5 | X61: =SUM(R61:W61) -> 5 | Y61: =X61*115 -> 575 | AF61: =SUM(Z61:AE61) -> 0 | AG61: =AF61*115 -> 0 | AL61: =SUM(AH61:AK61) -> 0 | AM61: =AL61*115 -> 0 | AO61: TRIGO | AP61: =H60+P60+X60+AF60+AL60 -> 1435 | AQ61: =AP62/AP61 -> 100
H62: =SUM(H56:H61) -> 3089 | I62: =SUM(I56:I61) -> 290683 | P62: =SUM(P56:P61) -> 3266 | Q62: =SUM(Q56:Q61) -> 310250 | X62: =SUM(X56:X61) -> 3303 | Y62: =SUM(Y56:Y61) -> 312028 | AF62: =SUM(AF56:AF61) -> 3000 | AG62: =SUM(AG56:AG61) -> 284288 | AL62: =SUM(AL56:AL61) -> 836 | AM62: =SUM(AM56:AM61) -> 78688 | AO62: VALOR M. | AP62: =AG60+I60+Q60+Y60+AM60 -> 143500
H64: =H56+H57+H58 -> 2899 | I64: =I56+I57+I58 -> 272019 | P64: =P56+P57+P58 -> 2666 | Q64: =Q56+Q57+Q58 -> 250932 | X64: =X56+X57+X58 -> 2992 | Y64: =Y56+Y57+Y58 -> 281168 | AF64: =AF56+AF57+AF58 -> 2602 | AG64: =AG56+AG57+AG58 -> 244614 | AL64: =AL56+AL57+AL58 -> 798 | AM64: =AM56+AM57+AM58 -> 75056
AO66: VENTA TOTAL | AP66: =AP62+AP59+AP20 -> 1732787

Sheet AGOSTO
B3: ALIMENTO | C3: 45870 | D3: 45871 | E3: SUB TOTAL | F3: MONTO | G3: 45873 | H3: 45874 | I3: 45875 | J3: 45876 | K3: 45877 | L3: 45878 | M3: SUB TOTAL | N3: MONTO | O3: 45880 | P3: 45881 | Q3: 45882 | R3: 45883 | S3: 45884 | T3: 45885 | U3: SUB TOTAL | V3: MONTO | W3: 45887 | X3: 45888 | Y3: 45889 | Z3: 45890 | AA3: 45891 | AB3: 45892 | AC3: SUB TOTAL | AD3: MONTO | AE3: 45894 | AF3: 45895 | AG3: 45896 | AH3: 45897 | AI3: 45898 | AJ3: 45899 | AK3: SUB TOTAL | AL3: MONTO | AS3: MES : JULIO
B4: ENG CARNE | C4: 61 | D4: 33 | E4: =SUM(C4:D4) -> 94 | F4: =E4*60 -> 5640 | G4: 25 | H4: 39 | I4: 31 | J4: - | K4: 16 | L4: 26 | M4: =SUM(G4:L4) -> 137 | N4: 80 | O4: 42 | P4: 11 | Q4: 23 | R4: 42 | S4: 84 | T4: - | U4: =SUM(O4:T4) -> 202 | V4: =U4*60 -> 12120 | W4: 5 | X4: 3 | Y4: 40 | Z4: 93 | AA4: 38 | AC4: =SUM(W4:AB4) -> 179 | AD4: =AC4*60 -> 10740 | AE4: 5 | AF4: 60 | AG4: 20 | AH4: 10 | AI4: 30 | AK4: =SUM(AE4:AJ4) -> 125 | AL4: =AK4*60 -> 7500 | AS4: ALIMENTOS | AT4: =AO19 -> 5192
B5: CTO CARNE | C5: 55 | D5: 52 | E5: =SUM(C5:D5) -> 107 | F5: =E5*60 -> 6420 | G5: 15 | H5: 15 | I5: 64 | J5: - | K5: 10 | L5: 40 | M5: =SUM(G5:L5) -> 144 | N5: 21 | O5: 21 | P5: 15 | Q5: 31 | R5: 16 | S5: 50 | T5: 11 | U5: =SUM(O5:T5) -> 144 | V5: =U5*60 -> 8640 | W5: - | X5: 22 | Y5: 37 | Z5: 23 | AA5: 23 | AC5: =SUM(W5:AB5) -> 105 | AD5: =AC5*60 -> 6300 | AE5: 14 | AF5: 41 | AG5: 15 | AH5: 13 | AI5: 99 | AK5: =SUM(AE5:AJ5) -> 182 | AL5: =AK5*60 -> 10920 | AS5: VALOR M. | AT5: =AO20 -> 292333
B6: INICIO CARNE | C6: - | D6: - | E6: =SUM(C6:D6) -> 0 | F6: =E6*61 -> 0 | G6: 1 | H6: 1 | I6: 25 | J6: - | K6: 5 | L6: - | M6: =SUM(G6:L6) -> 32 | N6: 10 | O6: 1 | P6: 1 | Q6: 12 | R6: 2 | S6: 10 | T6: 11 | U6: =SUM(O6:T6) -> 37 | V6: =U6*61 -> 2257 | W6: - | X6: - | Y6: - | Z6: 5 | AA6: 3 | AC6: =SUM(W6:AB6) -> 8 | AD6: =AC6*61 -> 488 | AE6: - | AF6: 10 | AG6: - | AH6: 1 | AI6: 5 | AK6: =SUM(AE6:AJ6) -> 16 | AL6: =AK6*61 -> 976 | AS6: VITAOVO | AT6: =AO48 -> 1060
B7: CONEJO | C7: - | D7: 30 | E7: =SUM(C7:D7) -> 30 | F7: =E7*60 -> 1800 | G7: - | H7: 20 | I7: - | J7: - | K7: 10 | L7: - | M7: =SUM(G7:L7) -> 30 | N7: 24 | O7: 35 | P7: 10 | Q7: 31 | R7: 2 | S7: 30 | T7: 1 | U7: =SUM(O7:T7) -> 109 | V7: =U7*60 -> 6540 | W7: - | X7: - | Y7: 16 | Z7: 10 | AA7: 2 | AC7: =SUM(W7:AB7) -> 28 | AD7: =AC7*60 -> 1680 | AE7: 5 | AF7: 9 | AG7: - | AH7: 30 | AI7: 11 | AK7: =SUM(AE7:AJ7) -> 55 | AL7: =AK7*60 -> 3300 | AS7: VALOR M. | AT7: =AO49 -> 91160
B8: CUY | C8: - | D8: 55 | E8: =SUM(C8:D8) -> 55 | F8: =E8*60 -> 3300 | G8: 25 | H8: 3 | I8: 11 | J8: - | K8: 19 | L8: 10 | M8: =SUM(G8:L8) -> 68 | N8: 32 | O8: 30 | P8: 30 | Q8: 16 | R8: 2 | S8: 60 | T8: 6 | U8: =SUM(O8:T8) -> 144 | V8: =U8*60 -> 8640 | W8: 20 | X8: - | Y8: 1 | Z8: 8 | AA8: 4 | AB8: 10 | AC8: =SUM(W8:AB8) -> 43 | AD8: =AC8*60 -> 2580 | AE8: 10 | AF8: 17 | AG8: 10 | AH8: - | AI8: - | AK8: =SUM(AE8:AJ8) -> 37 | AL8: =AK8*60 -> 2220 | AS8: AFRECHO | AT8: =AO51 -> 642
B9: CON POLLO | C9: 10 | D9: 1 | E9: =SUM(C9:D9) -> 11 | F9: =E9*60 -> 660 | G9: - | H9: 1 | I9: 7 | J9: 10 | K9: 5 | L9: 1 | M9: =SUM(G9:L9) -> 24 | N9: 2 | O9: 2 | P9: 10 | Q9: - | R9: 3 | S9: 10 | T9: - | U9: =SUM(O9:T9) -> 25 | V9: =U9*60 -> 1500 | X9: - | Y9: - | Z9: 6 | AA9: 2 | AB9: 20 | AC9: =SUM(W9:AB9) -> 28 | AD9: =AC9*60 -> 1680 | AE9: - | AF9: 18 | AG9: 5 | AH9: 1 | AI9: - | AK9: =SUM(AE9:AJ9) -> 24 | AL9: =AK9*60 -> 1440 | AS9: VALOR M. | AT9: =AO52 -> 22784
B10: CON CUY | C10: 2 | D10: 8 | E10: =SUM(C10:D10) -> 10 | F10: =E10*60 -> 600 | G10: - | H10: 11 | I10: 12 | J10: 10 | K10: 5 | L10: 25 | M10: =SUM(G10:L10) -> 63 | N10: 1 | O10: 19 | P10: 11 | Q10: 6 | R10: 7 | S10: 10 | T10: 1 | U10: =SUM(O10:T10) -> 54 | V10: =U10*60 -> 3240 | W10: 18 | X10: - | Y10: 2 | Z10: 16 | AA10: 2 | AB10: 5 | AC10: =SUM(W10:AB10) -> 43 | AD10: =AC10*60 -> 2580 | AE10: 3 | AF10: 16 | AG10: 10 | AH10: 6 | AI10: 36 | AK10: =SUM(AE10:AJ10) -> 71 | AL10: =AK10*60 -> 4260 | AS10: MAIZ | AT10: =AO58 -> 11252
B11: VERDE | C11: - | D11: - | E11: =SUM(C11:D11) -> 0 | F11: =E11*65 -> 0 | G11: 10 | H11: 11 | I11: 1 | J11: 1 | L11: - | M11: =SUM(G11:L11) -> 23 | N11: - | O11: - | P11: 10 | Q11: - | R11: - | S11: 7 | T11: 6 | U11: =SUM(O11:T11) -> 23 | V11: =U11*65 -> 1495 | W11: - | X11: 5 | Y11: 3 | Z11: - | AA11: 11 | AC11: =SUM(W11:AB11) -> 19 | AD11: =AC11*65 -> 1235 | AE11: 5 | AF11: - | AG11: - | AH11: - | AI11: - | AK11: =SUM(AE11:AJ11) -> 5 | AL11: =AK11*65 -> 325 | AS11: VALOR M. | AT11: =AO59 -> 784962
B12: ROJO | C12: 1 | D12: 2 | E12: =SUM(C12:D12) -> 3 | F12: =E12*65 -> 195 | G12: 21 | H12: 22 | J12: 1 | L12: - | M12: =SUM(G12:L12) -> 44 | N12: 2 | O12: - | P12: 1 | Q12: 11 | R12: - | S12: 5 | T12: 1 | U12: =SUM(O12:T12) -> 18 | V12: =U12*65 -> 1170 | W12: - | X12: 2 | Y12: 3 | Z12: 2 | AA12: 5 | AC12: =SUM(W12:AB12) -> 12 | AD12: =AC12*65 -> 780 | AE12: 2 | AF12: 2 | AG12: - | AH12: 1 | AI12: 1 | AK12: =SUM(AE12:AJ12) -> 6 | AL12: =AK12*65 -> 390 | AS12: TRIGO | AT12: =AO61 -> 1607
B13: POLLON | C13: 11 | D13: 19 | E13: =SUM(C13:D13) -> 30 | F13: =E13*95 -> 2850 | G13: 30 | H13: 72 | I13: 52 | J13: 70 | K13: 45 | L13: 11 | M13: =SUM(G13:L13) -> 280 | N13: 88 | O13: 60 | P13: 35 | Q13: 32 | R13: 16 | S13: - | T13: 12 | U13: =SUM(O13:T13) -> 155 | V13: =U13*95 -> 14725 | W13: 20 | X13: - | Y13: 4 | Z13: 15 | AA13: 71 | AB13: 28 | AC13: =SUM(W13:AB13) -> 138 | AD13: =AC13*95 -> 13110 | AE13: 2 | AF13: 99 | AG13: 20 | AH13: 10 | AI13: 37 | AK13: =SUM(AE13:AJ13) -> 168 | AL13: =AK13*95 -> 15960 | AS13: VALOR M. | AT13: =AO62 -> 124434
B14: CTO POLLON | C14: 1 | D14: 25 | E14: =SUM(C14:D14) -> 26 | F14: =E14*105 -> 2730 | G14: - | H14: 42 | I14: 27 | J14: 10 | L14: 1 | M14: =SUM(G14:L14) -> 80 | N14: 3 | O14: 37 | P14: 10 | Q14: 17 | R14: 20 | S14: 55 | T14: 20 | U14: =SUM(O14:T14) -> 159 | V14: =U14*105 -> 16695 | W14: 20 | X14: 1 | Y14: 2 | Z14: 5 | AA14: 31 | AB14: 20 | AC14: =SUM(W14:AB14) -> 79 | AD14: =AC14*105 -> 8295 | AE14: 2 | AF14: 31 | AG14: 20 | AI14: 5 | AK14: =SUM(AE14:AJ14) -> 58 | AL14: =AK14*105 -> 6090
B15: INICIO POLLON | C15: 6 | E15: =SUM(C15:D15) -> 6 | F15: =E15*110 -> 660 | G15: - | H15: 4 | I15: 9 | J15: - | L15: 1 | M15: =SUM(G15:L15) -> 14 | N15: =M15*110 -> 1540 | O15: 10 | Q15: 9 | R15: - | T15: - | U15: =SUM(O15:T15) -> 19 | V15: =U15*110 -> 2090 | W15: - | X15: - | Z15: . | AA15: 6 | AC15: =SUM(W15:AB15) -> 6 | AD15: =AC15*110 -> 660 | AF15: 5 | AG15: 5 | AK15: =SUM(AE15:AJ15) -> 10 | AL15: =AK15*110 -> 1100 | AS15: MAIZ B12 | AT15: 304190
B16: DORIMICYN | D16: 10 | E16: =SUM(C16:D16) -> 10 | F16: =E16*70 -> 700 | J16: - | M16: =SUM(G16:L16) -> 0 | N16: 4 | O16: - | Q16: - | R16: - | S16: - | T16: - | U16: =SUM(O16:T16) -> 0 | V16: =U16*70 -> 0 | W16: - | X16: - | Z16: 8 | AA16: 1 | AC16: =SUM(W16:AB16) -> 9 | AD16: =AC16*70 -> 630 | AI16: 3 | AK16: =SUM(AE16:AJ16) -> 3 | AL16: =AK16*70 -> 210
B17: CTO SIMPLE | E17: =SUM(C17:D17) -> 0 | F17: =E17*0 -> 0 | J17: - | M17: =SUM(G17:L17) -> 0 | O17: - | R17: - | T17: - | U17: =SUM(O17:T17) -> 0 | V17: =U17*0 -> 0 | W17: - | X17: - | AC17: =SUM(W17:AB17) -> 0 | AD17: =AC17*0 -> 0 | AK17: =SUM(AE17:AJ17) -> 0 | AL17: =AK17*0 -> 0
B18: CTO ANA | C18: - | E18: =SUM(C18:D18) -> 0 | F18: =E18*0 -> 0 | J18: - | M18: =SUM(G18:L18) -> 0 | N18: =M18*0 -> 0 | O18: - | R18: - | S18: - | T18: - | U18: =SUM(O18:T18) -> 0 | V18: =U18*0 -> 0 | W18: - | X18: - | AC18: =SUM(W18:AB18) -> 0 | AD18: =AC18*0 -> 0 | AF18: - | AK18: =SUM(AE18:AJ18) -> 0 | AL18: =AK18*0 -> 0
E19: =SUM(E4:E16) -> 382 | F19: =SUM(F4:F16) -> 25555 | M19: =SUM(M4:M16) -> 939 | N19: =SUM(N4:N16) -> 1807 | U19: =SUM(U4:U16) -> 1089 | V19: =SUM(V4:V16) -> 79112 | AC19: =SUM(AC4:AC16) -> 697 | AD19: =SUM(AD4:AD16) -> 50758 | AK19: =SUM(AK4:AK16) -> 760 | AL19: =SUM(AL4:AL16) -> 54691 | AN19: ALIMENTOS | AO19: =E50+M50+U50+AC50+AK50 -> 5192 | AP19: =AO20/AO19 -> 56.304507
B20: CTO BLANCO | C20: - | E20: =SUM(C20:D20) -> 0 | F20: =E20*85 -> 0 | G20: - | H20: 5 | L20: 4 | M20: =SUM(G20:L20) -> 9 | N20: =M20*85 -> 765 | O20: 8 | S20: 4 | U20: =SUM(O20:T20) -> 12 | V20: =U20*85 -> 1020 | W20: 10 | X20: - | AA20: 3 | AC20: =SUM(W20:AB20) -> 13 | AD20: =AC20*98 -> 1274 | AE20: - | AF20: 15 | AG20: 5 | AK20: =SUM(AE20:AJ20) -> 20 | AL20: =AK20*98 -> 1960 | AN20: VALOR M. | AO20: =F50+N50+V50+AD50+AL50 -> 292333
B21: ENG BLANCO | C21: 10 | D21: 60 | E21: =SUM(C21:D21) -> 70 | F21: =E21*84 -> 5880 | G21: - | I21: 12 | M21: =SUM(G21:L21) -> 12 | N21: =M21*84 -> 1008 | O21: 10 | R21: 10 | S21: 20 | U21: =SUM(O21:T21) -> 40 | V21: =U21*84 -> 3360 | X21: - | Y21: 15 | AA21: 3 | AC21: =SUM(W21:AB21) -> 18 | AD21: =AC21*96 -> 1728 | AE21: - | AK21: =SUM(AE21:AJ21) -> 0 | AL21: =AK21*96 -> 0
B22: INICIO BLANCO | E22: =SUM(C22:D22) -> 0 | F22: =E22*85 -> 0 | G22: 30 | H22: 10 | K22: 5 | M22: =SUM(G22:L22) -> 45 | N22: 4 | O22: 10 | T22: 20 | U22: =SUM(O22:T22) -> 30 | V22: =U22*85 -> 2550 | X22: - | Y22: 50 | AA22: 3 | AC22: =SUM(W22:AB22) -> 53 | AD22: =AC22*98 -> 5194 | AE22: 5 | AK22: =SUM(AE22:AJ22) -> 5 | AL22: =AK22*98 -> 490 | AQ22: =JUNIO!AL19-AGOSTO!AO19 -> 1545
B23: PRE BLANCO | C23: 10 | E23: =SUM(C23:D23) -> 10 | F23: =E23*85 -> 850 | M23: =SUM(G23:L23) -> 0 | N23: =M23*85 -> 0 | O23: 10 | P23: 5 | T23: 5 | U23: =SUM(O23:T23) -> 20 | V23: =U23*85 -> 1700 | X23: - | AC23: =SUM(W23:AB23) -> 0 | AD23: =AC23*82 -> 0 | AF23: 15 | AK23: =SUM(AE23:AJ23) -> 15 | AL23: =AK23*82 -> 1230
B24: CTO AMARILLO | E24: =SUM(C24:D24) -> 0 | F24: =E24*85 -> 0 | G24: 30 | M24: =SUM(G24:L24) -> 30 | N24: =M24*85 -> 2550 | U24: =SUM(O24:T24) -> 0 | V24: =U24*85 -> 0 | W24: 1 | X24: - | AC24: =SUM(W24:AB24) -> 1 | AD24: =AC24*100 -> 100 | AK24: =SUM(AE24:AJ24) -> 0 | AL24: =AK24*100 -> 0 | AN24: LINEA GALLO
B25: ENG AMARILLO | E25: =SUM(C25:D25) -> 0 | F25: =E25*84 -> 0 | I25: 20 | M25: =SUM(G25:L25) -> 20 | N25: =M25*84 -> 1680 | T25: 34 | U25: =SUM(O25:T25) -> 34 | V25: =U25*84 -> 2856 | X25: - | AC25: =SUM(W25:AB25) -> 0 | AD25: =AC25*115 -> 0 | AK25: =SUM(AE25:AJ25) -> 0 | AL25: =AK25*115 -> 0 | AN25: POLLON | AO25: =E13+M13+U13+AC13+AK13 -> 771
B26: INICIO AMARILLO | E26: =SUM(C26:D26) -> 0 | F26: =E26*85 -> 0 | M26: =SUM(G26:L26) -> 0 | N26: =M26*85 -> 0 | U26: =SUM(O26:T26) -> 0 | V26: =U26*85 -> 0 | AC26: =SUM(W26:AB26) -> 0 | AD26: =AC26*85 -> 0 | AK26: =SUM(AE26:AJ26) -> 0 | AL26: =AK26*85 -> 0 | AN26: POLLON CTO | AO26: =E14+M14+U14+AC14+AK14 -> 402
B27: PRE AMARILLO | E27: =SUM(C27:D27) -> 0 | F27: =E27*85 -> 0 | M27: =SUM(G27:L27) -> 0 | N27: =M27*85 -> 0 | U27: =SUM(O27:T27) -> 0 | V27: =U27*85 -> 0 | AC27: =SUM(W27:AB27) -> 0 | AD27: =AC27*85 -> 0 | AK27: =SUM(AE27:AJ27) -> 0 | AL27: =AK27*85 -> 0 | AN27: POLLON INICIO | AO27: =E15+M15+U15+AC15+AK15 -> 55
B28: CUY VITA | C28: 15 | E28: =SUM(C28:D28) -> 15 | F28: =E28*75 -> 1125 | G28: 40 | H28: 1 | J28: 10 | M28: =SUM(G28:L28) -> 51 | N28: =M28*75 -> 3825 | T28: 10 | U28: =SUM(O28:T28) -> 10 | V28: =U28*75 -> 750 | W28: 12 | AB28: 11 | AC28: =SUM(W28:AB28) -> 23 | AD28: =AC28*75 -> 1725 | AG28: 14 | AK28: =SUM(AE28:AJ28) -> 14 | AL28: =AK28*75 -> 1050 | AO28: =SUM(AO25:AO27) -> 1228
B29: CONEJO VITA | E29: =SUM(C29:D29) -> 0 | F29: =E29*75 -> 0 | G29: 30 | H29: 1 | M29: =SUM(G29:L29) -> 31 | N29: =M29*75 -> 2325 | T29: 20 | U29: =SUM(O29:T29) -> 20 | V29: =U29*75 -> 1500 | W29: 10 | AC29: =SUM(W29:AB29) -> 10 | AD29: =AC29*75 -> 750 | AK29: =SUM(AE29:AJ29) -> 0 | AL29: =AK29*75 -> 0
B30: POSTURA | C30: 10 | D30: 5 | E30: =SUM(C30:D30) -> 15 | F30: =E30*78 -> 1170 | G30: 80 | I30: 31 | J30: 10 | M30: =SUM(G30:L30) -> 121 | N30: 19 | O30: 1 | P30: 20 | S30: 10 | T30: 35 | U30: =SUM(O30:T30) -> 66 | V30: =U30*78 -> 5148 | W30: 10 | Y30: 115 | AA30: 3 | AC30: =SUM(W30:AB30) -> 128 | AD30: =AC30*78 -> 9984 | AE30: 5 | AF30: 15 | AI30: 2 | AK30: =SUM(AE30:AJ30) -> 22 | AL30: =AK30*78 -> 1716
B31: POSTURA ECO. | E31: =SUM(C31:D31) -> 0 | F31: =E31*70 -> 0 | M31: =SUM(G31:L31) -> 0 | N31: =M31*70 -> 0 | U31: =SUM(O31:T31) -> 0 | V31: =U31*70 -> 0 | AC31: =SUM(W31:AB31) -> 0 | AD31: =AC31*70 -> 0 | AK31: =SUM(AE31:AJ31) -> 0 | AL31: =AK31*70 -> 0
B32: ROJO PROVINCIA | E32: =SUM(C32:D32) -> 0 | F32: =E32*60 -> 0 | M32: =SUM(G32:L32) -> 0 | N32: =M32*60 -> 0 | U32: =SUM(O32:T32) -> 0 | V32: =U32*60 -> 0 | AC32: =SUM(W32:AB32) -> 0 | AD32: =AC32*60 -> 0 | AK32: =SUM(AE32:AJ32) -> 0 | AL32: =AK32*60 -> 0
B33: VERDE PROVINCIA | E33: =SUM(C33:D33) -> 0 | F33: =E33*60 -> 0 | M33: =SUM(G33:L33) -> 0 | N33: =M33*60 -> 0 | U33: =SUM(O33:T33) -> 0 | V33: =U33*60 -> 0 | AC33: =SUM(W33:AB33) -> 0 | AD33: =AC33*60 -> 0 | AK33: =SUM(AE33:AJ33) -> 0 | AL33: =AK33*60 -> 0
B34: ENG SIMPLE | E34: =SUM(C34:D34) -> 0 | F34: =E34*40 -> 0 | M34: =SUM(G34:L34) -> 0 | N34: =M34*40 -> 0 | U34: =SUM(O34:T34) -> 0 | V34: =U34*40 -> 0 | AC34: =SUM(W34:AB34) -> 0 | AD34: =AC34*40 -> 0 | AK34: =SUM(AE34:AJ34) -> 0 | AL34: =AK34*40 -> 0
B35: CTO SIMPLE | D35: 25 | E35: =SUM(C35:D35) -> 25 | F35: =E35*40 -> 1000 | I35: 5 | J35: 11 | M35: =SUM(G35:L35) -> 16 | N35: 84 | P35: 100 | Q35: 41 | S35: 35 | U35: =SUM(O35:T35) -> 176 | V35: =U35*40 -> 7040 | W35: 10 | X35: 30 | Z35: 10 | AA35: 50 | AC35: =SUM(W35:AB35) -> 100 | AD35: =AC35*40 -> 4000 | AE35: 15 | AH35: 10 | AK35: =SUM(AE35:AJ35) -> 25 | AL35: =AK35*40 -> 1000
B36: GRANJA X 40 KG | D36: - | E36: =SUM(C36:D36) -> 0 | F36: =E36*76 -> 0 | M36: =SUM(G36:L36) -> 0 | N36: =M36*76 -> 0 | U36: =SUM(O36:T36) -> 0 | V36: =U36*76 -> 0 | AC36: =SUM(W36:AB36) -> 0 | AD36: =AC36*76 -> 0 | AK36: =SUM(AE36:AJ36) -> 0 | AL36: =AK36*76 -> 0
B37: GRANJA X 50 KG | E37: =SUM(C37:D37) -> 0 | F37: =E37*90 -> 0 | M37: =SUM(G37:L37) -> 0 | N37: =M37*90 -> 0 | U37: =SUM(O37:T37) -> 0 | V37: =U37*90 -> 0 | AC37: =SUM(W37:AB37) -> 0 | AD37: =AC37*90 -> 0 | AK37: =SUM(AE37:AJ37) -> 0 | AL37: =AK37*90 -> 0
B38: CTO CON. POLLO | E38: =SUM(C38:D38) -> 0 | F38: =E38*91 -> 0 | M38: =SUM(G38:L38) -> 0 | N38: =M38*91 -> 0 | U38: =SUM(O38:T38) -> 0 | V38: =U38*91 -> 0 | AC38: =SUM(W38:AB38) -> 0 | AD38: =AC38*91 -> 0 | AE38: - | AK38: =SUM(AE38:AJ38) -> 0 | AL38: =AK38*91 -> 0
B39: ENG CON. POLLO | E39: =SUM(C39:D39) -> 0 | F39: =E39*90 -> 0 | M39: =SUM(G39:L39) -> 0 | N39: =M39*90 -> 0 | U39: =SUM(O39:T39) -> 0 | V39: =U39*90 -> 0 | AC39: =SUM(W39:AB39) -> 0 | AD39: =AC39*90 -> 0 | AE39: - | AK39: =SUM(AE39:AJ39) -> 0 | AL39: =AK39*90 -> 0
B40: CERDO MANTTO | E40: =SUM(C40:D40) -> 0 | F40: =E40*76 -> 0 | M40: =SUM(G40:L40) -> 0 | N40: =M40*76 -> 0 | U40: =SUM(O40:T40) -> 0 | V40: =U40*76 -> 0 | AC40: =SUM(W40:AB40) -> 0 | AD40: =AC40*76 -> 0 | AE40: - | AF40: - | AK40: =SUM(AE40:AJ40) -> 0 | AL40: =AK40*76 -> 0
B41: CTO CERDO | E41: =SUM(C41:D41) -> 0 | F41: =E41*100 -> 0 | M41: =SUM(G41:L41) -> 0 | N41: =M41*100 -> 0 | U41: =SUM(O41:T41) -> 0 | V41: =U41*100 -> 0 | W41: - | X41: - | Y41: - | Z41: - | AC41: =SUM(W41:AB41) -> 0 | AD41: =AC41*100 -> 0 | AE41: - | AF41: - | AK41: =SUM(AE41:AJ41) -> 0 | AL41: =AK41*100 -> 0
B42: ENG CERDO | E42: =SUM(C42:D42) -> 0 | F42: =E42*100 -> 0 | M42: =SUM(G42:L42) -> 0 | N42: =M42*100 -> 0 | U42: =SUM(O42:T42) -> 0 | V42: =U42*100 -> 0 | W42: - | X42: - | Y42: - | Z42: - | AC42: =SUM(W42:AB42) -> 0 | AD42: =AC42*100 -> 0 | AE42: - | AF42: - | AK42: =SUM(AE42:AJ42) -> 0 | AL42: =AK42*100 -> 0
B43: POSTURA POLVO | E43: =SUM(C43:D43) -> 0 | F43: =E43*78 -> 0 | M43: =SUM(G43:L43) -> 0 | N43: =M43*78 -> 0 | U43: =SUM(O43:T43) -> 0 | V43: =U43*78 -> 0 | AC43: =SUM(W43:AB43) -> 0 | AD43: =AC43*78 -> 0 | AK43: =SUM(AE43:AJ43) -> 0 | AL43: =AK43*78 -> 0
B44: VITAOVO ANA | D44: 12 | E44: =SUM(C44:D44) -> 12 | F44: =E44*92 -> 1104 | G44: 90 | H44: 5 | I44: 20 | L44: 83 | M44: =SUM(G44:L44) -> 198 | N44: =M44*92 -> 18216 | O44: 20 | P44: 90 | T44: 20 | U44: =SUM(O44:T44) -> 130 | V44: =U44*92 -> 11960 | W44: 120 | Z44: 80 | AC44: =SUM(W44:AB44) -> 200 | AD44: =AC44*92 -> 18400 | AF44: 25 | AI44: 45 | AK44: =SUM(AE44:AJ44) -> 70 | AL44: =AK44*92 -> 6440
B45: VITAOVO CARNE | E45: =SUM(C45:D45) -> 0 | F45: =E45*95 -> 0 | G45: - | I45: 13 | K45: 20 | M45: =SUM(G45:L45) -> 33 | N45: =M45*95 -> 3135 | O45: 57 | Q45: 2 | U45: =SUM(O45:T45) -> 59 | V45: =U45*95 -> 5605 | AC45: =SUM(W45:AB45) -> 0 | AD45: =AC45*95 -> 0 | AF45: 75 | AI45: 53 | AK45: =SUM(AE45:AJ45) -> 128 | AL45: =AK45*95 -> 12160
B46: VITAOVO SIMPLE | E46: =SUM(C46:D46) -> 0 | F46: =E46*93 -> 0 | G46: - | H46: 33 | I46: 35 | K46: 10 | M46: =SUM(G46:L46) -> 78 | N46: 4 | O46: 19 | P46: 25 | Q46: 6 | T46: 19 | U46: =SUM(O46:T46) -> 69 | V46: =U46*93 -> 6417 | X46: 8 | Y46: 9 | Z46: 30 | AA46: 11 | AC46: =SUM(W46:AB46) -> 58 | AD46: =AC46*93 -> 5394 | AE46: 3 | AF46: 2 | AH46: 20 | AK46: =SUM(AE46:AJ46) -> 25 | AL46: =AK46*93 -> 2325
B47: AFRECHO | C47: 15 | D47: 12 | E47: =SUM(C47:D47) -> 27 | F47: =E47*52 -> 1404 | G47: 45 | H47: 3 | I47: 55 | J47: 50 | K47: 40 | L47: 11 | M47: =SUM(G47:L47) -> 204 | N47: 8 | O47: 30 | P47: 55 | Q47: 7 | R47: 15 | T47: 2 | U47: =SUM(O47:T47) -> 109 | V47: =U47*52 -> 5668 | W47: 30 | Y47: 20 | Z47: 40 | AA47: 35 | AB47: 5 | AC47: =SUM(W47:AB47) -> 130 | AD47: =AC47*52 -> 6760 | AE47: 15 | AF47: 67 | AH47: 20 | AI47: 70 | AK47: =SUM(AE47:AJ47) -> 172 | AL47: =AK47*52 -> 8944
E48: =SUM(E20:E43) -> 135 | F48: =SUM(F20:F43) -> 10025 | M48: =SUM(M20:M43) -> 335 | N48: =SUM(N20:N43) -> 12260 | U48: =SUM(U20:U43) -> 408 | V48: =SUM(V20:V43) -> 25924 | AC48: =SUM(AC20:AC43) -> 346 | AD48: =SUM(AD20:AD43) -> 24755 | AK48: =SUM(AK20:AK43) -> 101 | AL48: =SUM(AL20:AL43) -> 7446 | AN48: VITAOVO | AO48: =E51+M51+U51+AC51+AK51 -> 1060 | AP48: =AO49/AO48 -> 86
AN49: VALOR M. | AO49: =N51+F51+V51+AD51+AL51 -> 91160
B50: ALIMENTO | E50: =E48+E19 -> 517 | F50: =F48+F19 -> 35580 | G50: =I50/H50 -> #DIV/0! | M50: =M48+M19 -> 1274 | N50: =N48+N19 -> 14067 | U50: =U48+U19 -> 1497 | V50: =V48+V19 -> 105036 | W50: =V50/U50 -> 70.164329 | AB50: =AD50/AC50 -> 72.399808 | AC50: =AC48+AC19 -> 1043 | AD50: =AD48+AD19 -> 75513 | AJ50: =AL50/AK50 -> 72.168409 | AK50: =AK48+AK19 -> 861 | AL50: =AL48+AL19 -> 62137
B51: VITAOVO | E51: =SUM(E44:E46) -> 12 | F51: =SUM(F44:F46) -> 1104 | M51: =SUM(M44:M46) -> 309 | N51: =SUM(N44:N46) -> 21355 | U51: =SUM(U44:U46) -> 258 | V51: =SUM(V44:V46) -> 23982 | AC51: =SUM(AC44:AC46) -> 258 | AD51: =SUM(AD44:AD46) -> 23794 | AK51: =SUM(AK44:AK46) -> 223 | AL51: =SUM(AL44:AL46) -> 20925 | AN51: AFRECHO | AO51: =M52+E52+U52+AC52+AK52 -> 642 | AP51: =AO52/AO51 -> 35.489097
B52: AFRECHO | E52: =E47 -> 27 | F52: =F47 -> 1404 | M52: =M47 -> 204 | N52: =N47 -> 8 | U52: =U47 -> 109 | V52: =V47 -> 5668 | AC52: =AC47 -> 130 | AD52: =AD47 -> 6760 | AK52: =AK47 -> 172 | AL52: =AL47 -> 8944 | AN52: VALOR M. | AO52: =N52+F52+V52+AD52+AL52 -> 22784
N53: =SUM(L53:M53) -> 0 | O53: =N53*50 -> 0
B55: ALIMENTO | C55: 45870 | D55: 45871 | E55: TOTAL | F55: MONTO | G55: 45873 | H55: 45874 | I55: 45875 | J55: 45876 | K55: 45877 | L55: 45878 | M55: TOTAL | N55: MONTO | O55: 45880 | P55: 45881 | Q55: 45882 | R55: 45883 | S55: 45884 | T55: 45885 | U55: TOTAL | V55: MONTO | W55: 45887 | X55: 45888 | Y55: 45889 | Z55: 45890 | AA55: 45891 | AB55: 45892 | AC55: TOTAL | AD55: MONTO | AE55: 45894 | AF55: 45895 | AG55: 45896 | AH55: 45897 | AI55: 45898 | AJ55: 45899 | AK55: TOTAL | AL55: MONTO
B56: MAIZ PARTIDO | C56: 130 | D56: 121 | E56: =SUM(C56:D56) -> 251 | F56: =E56*95 -> 23845 | G56: 190 | H56: 325 | I56: 282 | K56: 310 | L56: 90 | M56: =SUM(G56:L56) -> 1197 | N56: 76 | O56: 209 | P56: 280 | Q56: 305 | R56: 156 | S56: 110 | T56: 389 | U56: =SUM(O56:T56) -> 1449 | V56: =U56*95 -> 137655 | W56: 90 | X56: 120 | Y56: 138 | Z56: 290 | AA56: 193 | AB56: 160 | AC56: =SUM(W56:AB56) -> 991 | AD56: =AC56*95 -> 94145 | AE56: 136 | AF56: 153 | AG56: 260 | AH56: 218 | AI56: 210 | AK56: =SUM(AE56:AJ56) -> 977 | AL56: =AK56*95 -> 92815
B57: MAIZ ENTERO | C57: 179 | D57: 97 | E57: =SUM(C57:D57) -> 276 | F57: =E57*93 -> 25668 | G57: 205 | H57: 392 | I57: 322 | K57: 385 | L57: 100 | M57: =SUM(G57:L57) -> 1404 | N57: 62 | O57: 249 | P57: 210 | Q57: 254 | R57: 213 | S57: 30 | T57: 422 | U57: =SUM(O57:T57) -> 1378 | V57: =U57*93 -> 128154 | W57: 80 | X57: 142 | Y57: 243 | Z57: 279 | AA57: 108 | AB57: 190 | AC57: =SUM(W57:AB57) -> 1042 | AD57: =AC57*93 -> 96906 | AE57: 152 | AF57: 185 | AG57: 170 | AH57: 283 | AI57: 265 | AK57: =SUM(AE57:AJ57) -> 1055 | AL57: =AK57*93 -> 98115
B58: MAIZ REFINADO | C58: 34 | D58: 17 | E58: =SUM(C58:D58) -> 51 | F58: =E58*95 -> 4845 | G58: 25 | H58: 57 | I58: 119 | J58: 50 | K58: 48 | L58: 12 | M58: =SUM(G58:L58) -> 311 | N58: 26 | O58: 30 | P58: 95 | Q58: 44 | R58: 45 | S58: 70 | T58: 124 | U58: =SUM(O58:T58) -> 408 | V58: =U58*95 -> 38760 | W58: 10 | X58: 40 | Y58: 48 | Z58: 55 | AA58: 65 | AB58: 4 | AC58: =SUM(W58:AB58) -> 222 | AD58: =AC58*95 -> 21090 | AE58: 30 | AF58: 124 | AG58: 39 | AH58: 12 | AI58: 35 | AK58: =SUM(AE58:AJ58) -> 240 | AL58: =AK58*95 -> 22800 | AN58: MAIZ | AO58: =E64+M64+U64+AC64+AK64 -> 11252 | AP58: =AO59/AO58 -> 69.761998 | AS58: =ABRIL!AO58-AGOSTO!AO58 -> -823
B59: MAIZ INTEGRAL | C59: 2 | E59: =SUM(C59:D59) -> 2 | F59: =E59*79 -> 158 | H59: 1 | I59: 2 | J59: 82 | K59: 5 | L59: 1 | M59: =SUM(G59:L59) -> 91 | N59: 1 | O59: 6 | P59: 5 | Q59: 4 | R59: 1 | S59: 3 | T59: 15 | U59: =SUM(O59:T59) -> 34 | V59: =U59*79 -> 2686 | W59: 5 | X59: 60 | Y59: 12 | AA59: - | AB59: 6 | AC59: =SUM(W59:AB59) -> 83 | AD59: =AC59*79 -> 6557 | AF59: 5 | AG59: 10 | AH59: 3 | AI59: 8 | AK59: =SUM(AE59:AJ59) -> 26 | AL59: =AK59*79 -> 2054 | AN59: VALOR M. | AO59: =F64+N64+V64+AD64+AL64 -> 784962
B60: TRIGO | C60: 3 | D60: 37 | E60: =SUM(C60:D60) -> 40 | F60: =E60*100 -> 4000 | G60: 45 | H60: 28 | I60: 82 | J60: 150 | K60: 20 | L60: 38 | M60: =SUM(G60:L60) -> 363 | N60: 34 | O60: 61 | P60: 155 | Q60: 22 | R60: 50 | S60: 20 | T60: 99 | U60: =SUM(O60:T60) -> 407 | V60: =U60*100 -> 40700 | Y60: 42 | Z60: 77 | AA60: 390 | AB60: 10 | AC60: =SUM(W60:AB60) -> 519 | AD60: =AC60*100 -> 51900 | AF60: 168 | AH60: 70 | AI60: 40 | AK60: =SUM(AE60:AJ60) -> 278 | AL60: =AK60*100 -> 27800
B61: SOYA | C61: 1 | E61: =SUM(C61:D61) -> 1 | F61: =E61*115 -> 115 | I61: 25 | K61: 1 | M61: =SUM(G61:L61) -> 26 | N61: =M61*89 -> 2314 | U61: =SUM(O61:T61) -> 0 | V61: =U61*115 -> 0 | Y61: 3 | AC61: =SUM(W61:AB61) -> 3 | AD61: =AC61*90 -> 270 | AK61: =SUM(AE61:AJ61) -> 0 | AL61: =AK61*115 -> 0 | AN61: TRIGO | AO61: =E60+M60+U60+AC60+AK60 -> 1607 | AP61: =AO62/AO61 -> 77.432483
E62: =SUM(E56:E61) -> 621 | F62: =SUM(F56:F61) -> 58631 | M62: =SUM(M56:M61) -> 3392 | N62: =SUM(N56:N61) -> 2513 | U62: =SUM(U56:U61) -> 3676 | V62: =SUM(V56:V61) -> 347955 | AC62: =SUM(AC56:AC61) -> 2860 | AD62: =SUM(AD56:AD61) -> 270868 | AK62: =SUM(AK56:AK61) -> 2576 | AL62: =SUM(AL56:AL61) -> 243584 | AN62: VALOR M. | AO62: =AD60+F60+N60+V60+AL60 -> 124434
E64: =E56+E57+E58 -> 578 | F64: =F56+F57+F58 -> 54358 | M64: =M56+M57+M58 -> 2912 | N64: =N56+N57+N58 -> 164 | U64: =U56+U57+U58 -> 3235 | V64: =V56+V57+V58 -> 304569 | AC64: =AC56+AC57+AC58 -> 2255 | AD64: =AD56+AD57+AD58 -> 212141 | AK64: =AK56+AK57+AK58 -> 2272 | AL64: =AL56+AL57+AL58 -> 213730
AN66: VENTA TOTAL | AO66: =AO62+AO59+AO20 -> 1201729

Sheet SEPTIEMBRE
B3: ALIMENTO | C3: 45901 | D3: 45902 | E3: 45903 | F3: 45904 | G3: 45905 | H3: 45906 | I3: SUB TOTAL | J3: MONTO | K3: 45908 | L3: 45909 | M3: 45910 | N3: 45911 | O3: 45912 | P3: 45913 | Q3: SUB TOTAL | R3: MONTO | S3: 45915 | T3: 45916 | U3: 45917 | V3: 45918 | W3: 45919 | X3: 45920 | Y3: SUB TOTAL | Z3: MONTO | AA3: 45922 | AB3: 45923 | AC3: 45924 | AD3: 45925 | AE3: 45926 | AF3: 45927 | AG3: SUB TOTAL | AH3: MONTO | AI3: 45929 | AJ3: 45930 | AK3: SUB TOTAL | AL3: MONTO | AS3: MES : SEPTIEMBRE
B4: ENG CARNE | C4: 61 | D4: 84 | E4: 55 | G4: 82 | H4: 39 | I4: =SUM(C4:H4) -> 321 | J4: - | K4: 10 | L4: 6 | M4: 16 | N4: 80 | O4: 50 | P4: 8 | Q4: =SUM(K4:P4) -> 170 | R4: =Q4*60 -> 10200 | S4: 54 | T4: - | U4: 35 | V4: 33 | W4: 23 | X4: 7 | Y4: =SUM(S4:X4) -> 152 | Z4: =Y4*60 -> 9120 | AA4: 4 | AB4: 16 | AD4: 25 | AE4: 80 | AF4: 21 | AG4: =SUM(AA4:AF4) -> 146 | AH4: =AG4*60 -> 8760 | AI4: 42 | AJ4: 35 | AK4: =SUM(AI4:AJ4) -> 77 | AL4: =AK4*60 -> 4620 | AS4: ALIMENTOS | AT4: =AO19 -> 7022
B5: CTO CARNE | C5: 73 | D5: 19 | E5: 10 | G5: 65 | H5: 15 | I5: =SUM(C5:H5) -> 182 | J5: =I5*60 -> 10920 | K5: 10 | L5: 2 | M5: 50 | N5: 21 | O5: 55 | P5: - | Q5: =SUM(K5:P5) -> 138 | R5: =Q5*60 -> 8280 | S5: 23 | T5: 10 | U5: 13 | V5: 9 | W5: 10 | X5: 4 | Y5: =SUM(S5:X5) -> 69 | Z5: =Y5*60 -> 4140 | AA5: 4 | AB5: 26 | AC5: 9 | AD5: 15 | AE5: 35 | AF5: 14 | AG5: =SUM(AA5:AF5) -> 103 | AH5: =AG5*60 -> 6180 | AI5: 42 | AJ5: 10 | AK5: =SUM(AI5:AJ5) -> 52 | AL5: =AK5*60 -> 3120 | AS5: VALOR M. | AT5: =AO20 -> 490866
B6: INICIO CARNE | C6: 6 | D6: 11 | E6: - | G6: - | H6: 1 | I6: =SUM(C6:H6) -> 18 | J6: =I6*61 -> 1098 | L6: 1 | M6: 4 | N6: 10 | Q6: =SUM(K6:P6) -> 15 | R6: =Q6*61 -> 915 | S6: 5 | T6: 5 | U6: 1 | W6: - | X6: - | Y6: =SUM(S6:X6) -> 11 | Z6: =Y6*61 -> 671 | AA6: 1 | AB6: - | AC6: 10 | AD6: - | AE6: 5 | AF6: 2 | AG6: =SUM(AA6:AF6) -> 18 | AH6: =AG6*61 -> 1098 | AI6: - | AJ6: 20 | AK6: =SUM(AI6:AJ6) -> 20 | AL6: =AK6*61 -> 1220 | AS6: VITAOVO | AT6: =AO48 -> 835
B7: CONEJO | C7: 25 | D7: 25 | E7: 15 | G7: 25 | H7: 20 | I7: =SUM(C7:H7) -> 110 | J7: =I7*60 -> 6600 | K7: 1 | L7: 1 | N7: 24 | O7: 5 | P7: 2 | Q7: =SUM(K7:P7) -> 33 | R7: =Q7*60 -> 1980 | T7: 20 | U7: 19 | V7: 15 | W7: 5 | X7: 1 | Y7: =SUM(S7:X7) -> 60 | Z7: =Y7*60 -> 3600 | AA7: 17 | AB7: 16 | AD7: 11 | AE7: 35 | AG7: =SUM(AA7:AF7) -> 79 | AH7: =AG7*60 -> 4740 | AI7: 5 | AJ7: 10 | AK7: =SUM(AI7:AJ7) -> 15 | AL7: =AK7*60 -> 900 | AS7: VALOR M. | AT7: =AO49 -> 76070
B8: CUY | C8: 8 | D8: 30 | E8: 30 | G8: 30 | H8: 3 | I8: =SUM(C8:H8) -> 101 | J8: =I8*60 -> 6060 | K8: 5 | L8: 1 | M8: 15 | N8: 32 | O8: 5 | P8: 5 | Q8: =SUM(K8:P8) -> 63 | R8: =Q8*60 -> 3780 | S8: 13 | T8: 5 | U8: 10 | V8: 40 | W8: 13 | X8: 10 | Y8: =SUM(S8:X8) -> 91 | Z8: =Y8*60 -> 5460 | AA8: 19 | AB8: - | AC8: 17 | AD8: 18 | AE8: 40 | AF8: 4 | AG8: =SUM(AA8:AF8) -> 98 | AH8: =AG8*60 -> 5880 | AI8: 15 | AJ8: 10 | AK8: =SUM(AI8:AJ8) -> 25 | AL8: =AK8*60 -> 1500 | AS8: AFRECHO | AT8: =AO51 -> 465
B9: CON POLLO | C9: 5 | D9: 25 | E9: 11 | G9: - | I9: =SUM(C9:H9) -> 41 | J9: =I9*60 -> 2460 | K9: 5 | L9: 1 | N9: 2 | O9: 12 | Q9: =SUM(K9:P9) -> 20 | R9: =Q9*60 -> 1200 | T9: - | U9: - | W9: 20 | X9: 10 | Y9: =SUM(S9:X9) -> 30 | Z9: =Y9*60 -> 1800 | AB9: 5 | AD9: 5 | AE9: 2 | AF9: - | AG9: =SUM(AA9:AF9) -> 12 | AH9: =AG9*60 -> 720 | AI9: 3 | AJ9: 5 | AK9: =SUM(AI9:AJ9) -> 8 | AL9: =AK9*60 -> 480 | AS9: VALOR M. | AT9: =AO52 -> 26205
B10: CON CUY | D10: 21 | E10: 20 | G10: - | H10: 11 | I10: =SUM(C10:H10) -> 52 | J10: =I10*60 -> 3120 | K10: 5 | L10: 5 | M10: 11 | N10: 1 | O10: 14 | Q10: =SUM(K10:P10) -> 36 | R10: =Q10*60 -> 2160 | S10: 2 | T10: 9 | U10: 6 | V10: 8 | W10: 16 | X10: 5 | Y10: =SUM(S10:X10) -> 46 | Z10: =Y10*60 -> 2760 | AA10: 9 | AB10: 16 | AD10: 5 | AE10: 2 | AF10: - | AG10: =SUM(AA10:AF10) -> 32 | AH10: =AG10*60 -> 1920 | AI10: 8 | AJ10: - | AK10: =SUM(AI10:AJ10) -> 8 | AL10: =AK10*60 -> 480 | AS10: MAIZ | AT10: =AO58 -> 9326
B11: VERDE | C11: 4 | D11: 15 | E11: 20 | G11: 1 | I11: =SUM(C11:H11) -> 40 | J11: =I11*65 -> 2600 | K11: 2 | L11: 1 | M11: 40 | N11: - | P11: 5 | Q11: =SUM(K11:P11) -> 48 | R11: =Q11*65 -> 3120 | T11: - | U11: - | V11: 5 | W11: 12 | X11: - | Y11: =SUM(S11:X11) -> 17 | Z11: =Y11*65 -> 1105 | AA11: 32 | AB11: 6 | AC11: 2 | AD11: 4 | AE11: 1 | AF11: - | AG11: =SUM(AA11:AF11) -> 45 | AH11: =AG11*65 -> 2925 | AI11: 1 | AJ11: 5 | AK11: =SUM(AI11:AJ11) -> 6 | AL11: =AK11*65 -> 390 | AS11: VALOR M. | AT11: =AO59 -> 861832
B12: ROJO | C12: 4 | D12: 16 | E12: 20 | G12: 1 | I12: =SUM(C12:H12) -> 41 | J12: =I12*65 -> 2665 | K12: 1 | L12: 1 | M12: 150 | N12: 2 | Q12: =SUM(K12:P12) -> 154 | R12: =Q12*65 -> 10010 | T12: - | U12: 1 | V12: 5 | W12: 13 | X12: - | Y12: =SUM(S12:X12) -> 19 | Z12: =Y12*65 -> 1235 | AA12: 3 | AB12: - | AC12: 1 | AD12: 1 | AE12: 1 | AF12: 15 | AG12: =SUM(AA12:AF12) -> 21 | AH12: =AG12*65 -> 1365 | AI12: 1 | AJ12: - | AK12: =SUM(AI12:AJ12) -> 1 | AL12: =AK12*65 -> 65 | AS12: TRIGO | AT12: =AO61 -> 985
B13: POLLON | C13: 31 | D13: 93 | E13: 75 | F13: 15 | G13: 2 | H13: 72 | I13: =SUM(C13:H13) -> 288 | J13: =I13*95 -> 27360 | K13: 10 | L13: 16 | M13: 37 | N13: 88 | O13: 10 | P13: 8 | Q13: =SUM(K13:P13) -> 169 | R13: =Q13*95 -> 16055 | S13: 32 | T13: 15 | U13: 25 | V13: 45 | W13: 25 | X13: 18 | Y13: =SUM(S13:X13) -> 160 | Z13: =Y13*95 -> 15200 | AA13: 12 | AB13: 74 | AC13: 20 | AD13: - | AE13: 31 | AF13: 10 | AG13: =SUM(AA13:AF13) -> 147 | AH13: =AG13*95 -> 13965 | AI13: 61 | AJ13: - | AK13: =SUM(AI13:AJ13) -> 61 | AL13: =AK13*95 -> 5795 | AS13: VALOR M. | AT13: =AO62 -> 96448
B14: CTO POLLON | C14: 32 | D14: 74 | E14: 20 | F14: 10 | G14: 10 | H14: 42 | I14: =SUM(C14:H14) -> 188 | J14: =I14*105 -> 19740 | K14: 10 | L14: 14 | M14: 32 | N14: 3 | O14: 10 | P14: 2 | Q14: =SUM(K14:P14) -> 71 | R14: =Q14*105 -> 7455 | S14: 20 | U14: 25 | V14: 10 | W14: 24 | X14: 22 | Y14: =SUM(S14:X14) -> 101 | Z14: =Y14*105 -> 10605 | AA14: 19 | AB14: 59 | AC14: 13 | AD14: 10 | AE14: 48 | AG14: =SUM(AA14:AF14) -> 149 | AH14: =AG14*105 -> 15645 | AI14: 27 | AJ14: - | AK14: =SUM(AI14:AJ14) -> 27 | AL14: =AK14*105 -> 2835
B15: INICIO POLLON | C15: 11 | D15: 12 | E15: 5 | H15: 4 | I15: =SUM(C15:H15) -> 32 | J15: =I15*110 -> 3520 | K15: 10 | L15: 4 | Q15: =SUM(K15:P15) -> 14 | R15: =Q15*110 -> 1540 | U15: - | V15: 5 | W15: 5 | Y15: =SUM(S15:X15) -> 10 | Z15: =Y15*110 -> 1100 | AA15: 5 | AC15: 8 | AD15: - | AE15: 13 | AG15: =SUM(AA15:AF15) -> 26 | AH15: =AG15*110 -> 2860 | AI15: 5 | AK15: =SUM(AI15:AJ15) -> 5 | AL15: =AK15*110 -> 550 | AS15: MAIZ B12 | AT15: 339350
B16: DORIMICYN | C16: 3 | D16: - | I16: =SUM(C16:H16) -> 3 | J16: 0 | K16: 6 | N16: 4 | Q16: =SUM(K16:P16) -> 10 | R16: =Q16*70 -> 700 | U16: - | V16: 10 | Y16: =SUM(S16:X16) -> 10 | Z16: =Y16*70 -> 700 | AB16: 15 | AD16: 3 | AE16: 16 | AG16: =SUM(AA16:AF16) -> 34 | AH16: =AG16*70 -> 2380 | AK16: =SUM(AI16:AJ16) -> 0 | AL16: =AK16*70 -> 0
B17: CTO SIMPLE | I17: =SUM(C17:H17) -> 0 | J17: =I17*0 -> 0 | Q17: =SUM(K17:P17) -> 0 | R17: =Q17*0 -> 0 | U17: - | Y17: =SUM(S17:X17) -> 0 | Z17: =Y17*0 -> 0 | AG17: =SUM(AA17:AF17) -> 0 | AH17: =AG17*0 -> 0 | AK17: =SUM(AI17:AJ17) -> 0 | AL17: =AK17*0 -> 0
B18: CTO ANA | G18: - | I18: =SUM(C18:H18) -> 0 | J18: =I18*0 -> 0 | K18: - | N18: - | O18: - | P18: - | Q18: =SUM(K18:P18) -> 0 | R18: =Q18*0 -> 0 | S18: - | T18: - | U18: - | V18: - | W18: - | Y18: =SUM(S18:X18) -> 0 | Z18: =Y18*0 -> 0 | AG18: =SUM(AA18:AF18) -> 0 | AH18: =AG18*0 -> 0 | AK18: =SUM(AI18:AJ18) -> 0 | AL18: =AK18*0 -> 0
I19: =SUM(I4:I16) -> 1417 | J19: =SUM(J4:J16) -> 86143 | Q19: =SUM(Q4:Q16) -> 941 | R19: =SUM(R4:R16) -> 67395 | Y19: =SUM(Y4:Y16) -> 776 | Z19: =SUM(Z4:Z16) -> 57496 | AG19: =SUM(AG4:AG16) -> 910 | AH19: =SUM(AH4:AH16) -> 68438 | AK19: =SUM(AK4:AK16) -> 305 | AL19: =SUM(AL4:AL16) -> 21955 | AN19: ALIMENTOS | AO19: =I50+Q50+Y50+AG50+AK50 -> 7022 | AP19: =AO20/AO19 -> 69.904016
B20: CTO BLANCO | C20: - | D20: - | G20: 48 | H20: 5 | I20: =SUM(C20:H20) -> 53 | J20: =I20*85 -> 4505 | M20: 2 | Q20: =SUM(K20:P20) -> 2 | R20: =Q20*85 -> 170 | U20: - | V20: 35 | Y20: =SUM(S20:X20) -> 35 | Z20: =Y20*98 -> 3430 | AE20: 75 | AF20: 23 | AG20: =SUM(AA20:AF20) -> 98 | AH20: =AG20*98 -> 9604 | AI20: 10 | AK20: =SUM(AI20:AJ20) -> 10 | AL20: =AK20*98 -> 980 | AN20: VALOR M. | AO20: =J50+R50+Z50+AH50+AL50 -> 490866
B21: ENG BLANCO | C21: 10 | D21: - | G21: 38 | I21: =SUM(C21:H21) -> 48 | J21: =I21*84 -> 4032 | K21: 10 | M21: 22 | Q21: =SUM(K21:P21) -> 32 | R21: =Q21*84 -> 2688 | S21: - | U21: - | V21: 30 | X21: 20 | Y21: =SUM(S21:X21) -> 50 | Z21: =Y21*96 -> 4800 | AA21: 10 | AE21: 60 | AF21: - | AG21: =SUM(AA21:AF21) -> 70 | AH21: =AG21*96 -> 6720 | AI21: 11 | AK21: =SUM(AI21:AJ21) -> 11 | AL21: =AK21*96 -> 1056
B22: INICIO BLANCO | C22: 10 | D22: 4 | H22: 10 | I22: =SUM(C22:H22) -> 24 | J22: =I22*85 -> 2040 | N22: 4 | Q22: =SUM(K22:P22) -> 4 | R22: =Q22*85 -> 340 | S22: - | U22: - | V22: 19 | X22: 4 | Y22: =SUM(S22:X22) -> 23 | Z22: =Y22*98 -> 2254 | AC22: 80 | AE22: 35 | AF22: 20 | AG22: =SUM(AA22:AF22) -> 135 | AH22: =AG22*98 -> 13230 | AI22: 2 | AK22: =SUM(AI22:AJ22) -> 2 | AL22: =AK22*98 -> 196 | AQ22: =JUNIO!AL19-SEPTIEMBRE!AO19 -> -285
B23: PRE BLANCO | D23: 4 | I23: =SUM(C23:H23) -> 4 | J23: =I23*85 -> 340 | Q23: =SUM(K23:P23) -> 0 | R23: =Q23*85 -> 0 | S23: 2 | U23: 15 | V23: 5 | Y23: =SUM(S23:X23) -> 22 | Z23: =Y23*82 -> 1804 | AE23: 42 | AF23: 15 | AG23: =SUM(AA23:AF23) -> 57 | AH23: =AG23*82 -> 4674 | AI23: 5 | AK23: =SUM(AI23:AJ23) -> 5 | AL23: =AK23*82 -> 410
B24: CTO AMARILLO | I24: =SUM(C24:H24) -> 0 | J24: =I24*85 -> 0 | Q24: =SUM(K24:P24) -> 0 | R24: =Q24*85 -> 0 | S24: - | X24: 25 | Y24: =SUM(S24:X24) -> 25 | Z24: =Y24*100 -> 2500 | AC24: 80 | AE24: 10 | AF24: - | AG24: =SUM(AA24:AF24) -> 90 | AH24: =AG24*100 -> 9000 | AK24: =SUM(AI24:AJ24) -> 0 | AL24: =AK24*100 -> 0 | AN24: LINEA GALLO
B25: ENG AMARILLO | I25: =SUM(C25:H25) -> 0 | J25: =I25*84 -> 0 | Q25: =SUM(K25:P25) -> 0 | R25: =Q25*84 -> 0 | S25: - | X25: 25 | Y25: =SUM(S25:X25) -> 25 | Z25: =Y25*115 -> 2875 | AC25: 140 | AE25: 10 | AF25: 30 | AG25: =SUM(AA25:AF25) -> 180 | AH25: =AG25*115 -> 20700 | AK25: =SUM(AI25:AJ25) -> 0 | AL25: =AK25*115 -> 0 | AN25: POLLON | AO25: =I13+Q13+Y13+AG13+AK13 -> 825
B26: INICIO AMARILLO | I26: =SUM(C26:H26) -> 0 | J26: =I26*85 -> 0 | Q26: =SUM(K26:P26) -> 0 | R26: =Q26*85 -> 0 | S26: - | X26: 42 | Y26: =SUM(S26:X26) -> 42 | Z26: =Y26*85 -> 3570 | AE26: 15 | AG26: =SUM(AA26:AF26) -> 15 | AH26: =AG26*85 -> 1275 | AI26: - | AK26: =SUM(AI26:AJ26) -> 0 | AL26: =AK26*85 -> 0 | AN26: POLLON CTO | AO26: =I14+Q14+Y14+AG14+AK14 -> 536
B27: PRE AMARILLO | I27: =SUM(C27:H27) -> 0 | J27: =I27*85 -> 0 | Q27: =SUM(K27:P27) -> 0 | R27: =Q27*85 -> 0 | S27: - | Y27: =SUM(S27:X27) -> 0 | Z27: =Y27*85 -> 0 | AG27: =SUM(AA27:AF27) -> 0 | AH27: =AG27*85 -> 0 | AK27: =SUM(AI27:AJ27) -> 0 | AL27: =AK27*85 -> 0 | AN27: POLLON INICIO | AO27: =I15+Q15+Y15+AG15+AK15 -> 87
B28: CUY VITA | I28: =SUM(C28:H28) -> 0 | J28: =I28*75 -> 0 | K28: 15 | Q28: =SUM(K28:P28) -> 15 | R28: =Q28*75 -> 1125 | U28: 10 | W28: 1 | X28: 2 | Y28: =SUM(S28:X28) -> 13 | Z28: =Y28*75 -> 975 | AA28: 11 | AC28: 20 | AF28: 19 | AG28: =SUM(AA28:AF28) -> 50 | AH28: =AG28*75 -> 3750 | AK28: =SUM(AI28:AJ28) -> 0 | AL28: =AK28*75 -> 0 | AO28: =SUM(AO25:AO27) -> 1448
B29: CONEJO VITA | I29: =SUM(C29:H29) -> 0 | J29: =I29*75 -> 0 | Q29: =SUM(K29:P29) -> 0 | R29: =Q29*75 -> 0 | U29: 10 | X29: 25 | Y29: =SUM(S29:X29) -> 35 | Z29: =Y29*75 -> 2625 | AA29: 11 | AC29: 20 | AG29: =SUM(AA29:AF29) -> 31 | AH29: =AG29*75 -> 2325 | AK29: =SUM(AI29:AJ29) -> 0 | AL29: =AK29*75 -> 0
